alter session set container = XEPDB1;

-- Populate EventType
insert into dtm_owner.event_type (event_type_id, name, weight, abbreviation) values(1, 'Accelerator', 1, 'ACC');
insert into dtm_owner.event_type (event_type_id, name, weight, abbreviation) values(2, 'Hall A', 2, 'HLA');
insert into dtm_owner.event_type (event_type_id, name, weight, abbreviation) values(3, 'Hall B', 3, 'HLB');
insert into dtm_owner.event_type (event_type_id, name, weight, abbreviation) values(4, 'Hall C', 4, 'HLC');
insert into dtm_owner.event_type (event_type_id, name, weight, abbreviation) values(5, 'Hall D', 5, 'HLD');
insert into dtm_owner.event_type (event_type_id, name, weight, abbreviation) values(6, 'LERF', 6, 'LRF');
insert into dtm_owner.event_type (event_type_id, name, weight, abbreviation) values(7, 'Non-Program', 7, 'NP');

-- Populate Workgroup
insert into DTM_OWNER.WORKGROUP (WORKGROUP_ID, NAME) values (1, 'Group 1');
insert into DTM_OWNER.WORKGROUP (WORKGROUP_ID, NAME) values (2, 'Group 2');
insert into DTM_OWNER.WORKGROUP (WORKGROUP_ID, NAME) values (3, 'Group 3');

-- Populate Category
INSERT INTO DTM_OWNER.CATEGORY (CATEGORY_ID, NAME, PARENT_ID, WEIGHT) VALUES (0, 'JLAB', null, 1);
INSERT INTO DTM_OWNER.CATEGORY (CATEGORY_ID, NAME, PARENT_ID, WEIGHT) VALUES (1, 'CEBAF', 0, 1);
INSERT INTO DTM_OWNER.CATEGORY (CATEGORY_ID, NAME, PARENT_ID, WEIGHT) VALUES (2, 'LERF', 0, 2);
INSERT INTO DTM_OWNER.CATEGORY (CATEGORY_ID, NAME, PARENT_ID, WEIGHT) VALUES (3, 'Other', 0, 50);
INSERT INTO DTM_OWNER.CATEGORY (CATEGORY_ID, NAME, PARENT_ID, WEIGHT) VALUES (4, 'Cryo', 0, 3);
INSERT INTO DTM_OWNER.CATEGORY (CATEGORY_ID, NAME, PARENT_ID, WEIGHT) VALUES (5, 'Facilities', 0, 4);
INSERT INTO DTM_OWNER.CATEGORY (CATEGORY_ID, NAME, PARENT_ID, WEIGHT) VALUES (6, 'Gun/Laser', 1, 1000);
INSERT INTO DTM_OWNER.CATEGORY (CATEGORY_ID, NAME, PARENT_ID, WEIGHT) VALUES (7, 'Magnets', 1, 1000);
INSERT INTO DTM_OWNER.CATEGORY (CATEGORY_ID, NAME, PARENT_ID, WEIGHT) VALUES (8, 'Operations', 1, 1000);
INSERT INTO DTM_OWNER.CATEGORY (CATEGORY_ID, NAME, PARENT_ID, WEIGHT) VALUES (9, 'Radiation Controls', 1, 1000);
INSERT INTO DTM_OWNER.CATEGORY (CATEGORY_ID, NAME, PARENT_ID, WEIGHT) VALUES (10, 'Vacuum', 1, 1000);
INSERT INTO DTM_OWNER.CATEGORY (CATEGORY_ID, NAME, PARENT_ID, WEIGHT) VALUES (11, 'Safety Systems', 1, 1000);
INSERT INTO DTM_OWNER.CATEGORY (CATEGORY_ID, NAME, PARENT_ID, WEIGHT) VALUES (14, 'Beam Dumps', 1, 1000);
INSERT INTO DTM_OWNER.CATEGORY (CATEGORY_ID, NAME, PARENT_ID, WEIGHT) VALUES (15, 'Info Systems', 1, 1000);
INSERT INTO DTM_OWNER.CATEGORY (CATEGORY_ID, NAME, PARENT_ID, WEIGHT) VALUES (17, 'Diagnostics', 1, 1000);
INSERT INTO DTM_OWNER.CATEGORY (CATEGORY_ID, NAME, PARENT_ID, WEIGHT) VALUES (18, 'RF', 1, 1000);
INSERT INTO DTM_OWNER.CATEGORY (CATEGORY_ID, NAME, PARENT_ID, WEIGHT) VALUES (26, 'Viewers', 17, 1000);
INSERT INTO DTM_OWNER.CATEGORY (CATEGORY_ID, NAME, PARENT_ID, WEIGHT) VALUES (27, 'BPMs', 17, 1000);
INSERT INTO DTM_OWNER.CATEGORY (CATEGORY_ID, NAME, PARENT_ID, WEIGHT) VALUES (30, 'Current Monitors', 17, 1000);
INSERT INTO DTM_OWNER.CATEGORY (CATEGORY_ID, NAME, PARENT_ID, WEIGHT) VALUES (31, 'Trim Supply', 7, 1000);
INSERT INTO DTM_OWNER.CATEGORY (CATEGORY_ID, NAME, PARENT_ID, WEIGHT) VALUES (32, 'Box Supply', 7, 1000);
INSERT INTO DTM_OWNER.CATEGORY (CATEGORY_ID, NAME, PARENT_ID, WEIGHT) VALUES (33, 'Beamline Vacuum', 10, 1000);
INSERT INTO DTM_OWNER.CATEGORY (CATEGORY_ID, NAME, PARENT_ID, WEIGHT) VALUES (34, 'SRF Vacuum', 10, 1000);
INSERT INTO DTM_OWNER.CATEGORY (CATEGORY_ID, NAME, PARENT_ID, WEIGHT) VALUES (35, 'Cold RF', 18, 1000);
INSERT INTO DTM_OWNER.CATEGORY (CATEGORY_ID, NAME, PARENT_ID, WEIGHT) VALUES (41, 'PSS', 11, 1000);
INSERT INTO DTM_OWNER.CATEGORY (CATEGORY_ID, NAME, PARENT_ID, WEIGHT) VALUES (42, 'MPS', 11, 1000);
INSERT INTO DTM_OWNER.CATEGORY (CATEGORY_ID, NAME, PARENT_ID, WEIGHT) VALUES (43, 'BELS', 11, 1000);
INSERT INTO DTM_OWNER.CATEGORY (CATEGORY_ID, NAME, PARENT_ID, WEIGHT) VALUES (161, 'Gun', 6, 1000);
INSERT INTO DTM_OWNER.CATEGORY (CATEGORY_ID, NAME, PARENT_ID, WEIGHT) VALUES (162, 'Laser', 6, 1000);
INSERT INTO DTM_OWNER.CATEGORY (CATEGORY_ID, NAME, PARENT_ID, WEIGHT) VALUES (205, 'Global Diagnostics', 17, 1000);
INSERT INTO DTM_OWNER.CATEGORY (CATEGORY_ID, NAME, PARENT_ID, WEIGHT) VALUES (241, 'CHL', 4, 1000);
INSERT INTO DTM_OWNER.CATEGORY (CATEGORY_ID, NAME, PARENT_ID, WEIGHT) VALUES (242, 'ENDSTATIONS', 4, 1000);
INSERT INTO DTM_OWNER.CATEGORY (CATEGORY_ID, NAME, PARENT_ID, WEIGHT) VALUES (262, 'UPS', 15, 1000);
INSERT INTO DTM_OWNER.CATEGORY (CATEGORY_ID, NAME, PARENT_ID, WEIGHT) VALUES (263, 'Servers', 15, 1000);
INSERT INTO DTM_OWNER.CATEGORY (CATEGORY_ID, NAME, PARENT_ID, WEIGHT) VALUES (264, 'Network', 15, 1000);
INSERT INTO DTM_OWNER.CATEGORY (CATEGORY_ID, NAME, PARENT_ID, WEIGHT) VALUES (281, 'Correctors', 31, 1000);
INSERT INTO DTM_OWNER.CATEGORY (CATEGORY_ID, NAME, PARENT_ID, WEIGHT) VALUES (283, 'HVAC', 5, 1000);
INSERT INTO DTM_OWNER.CATEGORY (CATEGORY_ID, NAME, PARENT_ID, WEIGHT) VALUES (284, 'LCW', 5, 1000);
INSERT INTO DTM_OWNER.CATEGORY (CATEGORY_ID, NAME, PARENT_ID, WEIGHT) VALUES (285, 'Control System', 1, 1000);
INSERT INTO DTM_OWNER.CATEGORY (CATEGORY_ID, NAME, PARENT_ID, WEIGHT) VALUES (301, 'Nature', 3, 1000);
INSERT INTO DTM_OWNER.CATEGORY (CATEGORY_ID, NAME, PARENT_ID, WEIGHT) VALUES (302, 'Unknown/Missing', 3, 1000);
INSERT INTO DTM_OWNER.CATEGORY (CATEGORY_ID, NAME, PARENT_ID, WEIGHT) VALUES (321, 'Software', 15, 1000);
INSERT INTO DTM_OWNER.CATEGORY (CATEGORY_ID, NAME, PARENT_ID, WEIGHT) VALUES (381, 'Beam Transport', 3, 1);
INSERT INTO DTM_OWNER.CATEGORY (CATEGORY_ID, NAME, PARENT_ID, WEIGHT) VALUES (401, 'Hall D', 0, 15);
INSERT INTO DTM_OWNER.CATEGORY (CATEGORY_ID, NAME, PARENT_ID, WEIGHT) VALUES (402, 'Hall C', 0, 14);
INSERT INTO DTM_OWNER.CATEGORY (CATEGORY_ID, NAME, PARENT_ID, WEIGHT) VALUES (403, 'Hall B', 0, 13);
INSERT INTO DTM_OWNER.CATEGORY (CATEGORY_ID, NAME, PARENT_ID, WEIGHT) VALUES (404, 'Hall A', 0, 12);
INSERT INTO DTM_OWNER.CATEGORY (CATEGORY_ID, NAME, PARENT_ID, WEIGHT) VALUES (405, 'Hall D Photon Beam', 401, 1000);
INSERT INTO DTM_OWNER.CATEGORY (CATEGORY_ID, NAME, PARENT_ID, WEIGHT) VALUES (406, 'Hall D Solenoid', 401, 1000);
INSERT INTO DTM_OWNER.CATEGORY (CATEGORY_ID, NAME, PARENT_ID, WEIGHT) VALUES (407, 'Hall D Detectors', 401, 1000);
INSERT INTO DTM_OWNER.CATEGORY (CATEGORY_ID, NAME, PARENT_ID, WEIGHT) VALUES (461, 'Hall B Beamline', 403, 1000);
INSERT INTO DTM_OWNER.CATEGORY (CATEGORY_ID, NAME, PARENT_ID, WEIGHT) VALUES (465, 'Hall Downtime', 3, 1000);
INSERT INTO DTM_OWNER.CATEGORY (CATEGORY_ID, NAME, PARENT_ID, WEIGHT) VALUES (466, 'Hall B Detectors', 403, 1000);
INSERT INTO DTM_OWNER.CATEGORY (CATEGORY_ID, NAME, PARENT_ID, WEIGHT) VALUES (467, 'Hall B HPS Detector', 466, 1000);
INSERT INTO DTM_OWNER.CATEGORY (CATEGORY_ID, NAME, PARENT_ID, WEIGHT) VALUES (481, 'LERF Beam Dumps', 2, 1000);
INSERT INTO DTM_OWNER.CATEGORY (CATEGORY_ID, NAME, PARENT_ID, WEIGHT) VALUES (482, 'LERF Beam Transport', 2, 1000);
INSERT INTO DTM_OWNER.CATEGORY (CATEGORY_ID, NAME, PARENT_ID, WEIGHT) VALUES (483, 'LERF Control System', 2, 1000);
INSERT INTO DTM_OWNER.CATEGORY (CATEGORY_ID, NAME, PARENT_ID, WEIGHT) VALUES (484, 'LERF Diagnostics', 2, 1000);
INSERT INTO DTM_OWNER.CATEGORY (CATEGORY_ID, NAME, PARENT_ID, WEIGHT) VALUES (485, 'LERF Info Systems', 2, 1000);
INSERT INTO DTM_OWNER.CATEGORY (CATEGORY_ID, NAME, PARENT_ID, WEIGHT) VALUES (486, 'LERF Magnets', 2, 1000);
INSERT INTO DTM_OWNER.CATEGORY (CATEGORY_ID, NAME, PARENT_ID, WEIGHT) VALUES (487, 'LERF Operations', 2, 1000);
INSERT INTO DTM_OWNER.CATEGORY (CATEGORY_ID, NAME, PARENT_ID, WEIGHT) VALUES (488, 'LERF RF Systems', 2, 1000);
INSERT INTO DTM_OWNER.CATEGORY (CATEGORY_ID, NAME, PARENT_ID, WEIGHT) VALUES (489, 'LERF Radiation Control', 2, 1000);
INSERT INTO DTM_OWNER.CATEGORY (CATEGORY_ID, NAME, PARENT_ID, WEIGHT) VALUES (490, 'LERF Safety Systems', 2, 1000);
INSERT INTO DTM_OWNER.CATEGORY (CATEGORY_ID, NAME, PARENT_ID, WEIGHT) VALUES (491, 'LERF Gun/Laser', 2, 1000);
INSERT INTO DTM_OWNER.CATEGORY (CATEGORY_ID, NAME, PARENT_ID, WEIGHT) VALUES (492, 'LERF Vacuum', 2, 1000);
INSERT INTO DTM_OWNER.CATEGORY (CATEGORY_ID, NAME, PARENT_ID, WEIGHT) VALUES (494, 'LERF Software', 485, 1000);
INSERT INTO DTM_OWNER.CATEGORY (CATEGORY_ID, NAME, PARENT_ID, WEIGHT) VALUES (495, 'LERF Box Supply', 486, 1000);
INSERT INTO DTM_OWNER.CATEGORY (CATEGORY_ID, NAME, PARENT_ID, WEIGHT) VALUES (496, 'LERF Trim Supply', 486, 1000);
INSERT INTO DTM_OWNER.CATEGORY (CATEGORY_ID, NAME, PARENT_ID, WEIGHT) VALUES (497, 'LERF Cold RF', 488, 1000);
INSERT INTO DTM_OWNER.CATEGORY (CATEGORY_ID, NAME, PARENT_ID, WEIGHT) VALUES (498, 'LERF Warm RF', 488, 1000);
INSERT INTO DTM_OWNER.CATEGORY (CATEGORY_ID, NAME, PARENT_ID, WEIGHT) VALUES (499, 'LERF MPS', 490, 1000);
INSERT INTO DTM_OWNER.CATEGORY (CATEGORY_ID, NAME, PARENT_ID, WEIGHT) VALUES (500, 'LERF PSS', 490, 1000);
INSERT INTO DTM_OWNER.CATEGORY (CATEGORY_ID, NAME, PARENT_ID, WEIGHT) VALUES (501, 'LERF Laser', 491, 1000);
INSERT INTO DTM_OWNER.CATEGORY (CATEGORY_ID, NAME, PARENT_ID, WEIGHT) VALUES (502, 'LERF Gun', 491, 1000);
INSERT INTO DTM_OWNER.CATEGORY (CATEGORY_ID, NAME, PARENT_ID, WEIGHT) VALUES (503, 'LERF Gun HV', 491, 1000);
INSERT INTO DTM_OWNER.CATEGORY (CATEGORY_ID, NAME, PARENT_ID, WEIGHT) VALUES (504, 'LERF SRF Vacuum', 492, 1000);
INSERT INTO DTM_OWNER.CATEGORY (CATEGORY_ID, NAME, PARENT_ID, WEIGHT) VALUES (505, 'LERF Warm Vacuum', 492, 1000);
INSERT INTO DTM_OWNER.CATEGORY (CATEGORY_ID, NAME, PARENT_ID, WEIGHT) VALUES (521, 'Hall B PRad Detector', 466, 1000);
INSERT INTO DTM_OWNER.CATEGORY (CATEGORY_ID, NAME, PARENT_ID, WEIGHT) VALUES (541, 'Hall B CLAS12 Detector', 466, 1000);
INSERT INTO DTM_OWNER.CATEGORY (CATEGORY_ID, NAME, PARENT_ID, WEIGHT) VALUES (545, 'CLAS12 TOF', 541, 1000);
INSERT INTO DTM_OWNER.CATEGORY (CATEGORY_ID, NAME, PARENT_ID, WEIGHT) VALUES (547, 'CLAS12 DC', 541, 1000);
INSERT INTO DTM_OWNER.CATEGORY (CATEGORY_ID, NAME, PARENT_ID, WEIGHT) VALUES (561, 'Hall B SuperConducting Magnets', 403, 1000);
INSERT INTO DTM_OWNER.CATEGORY (CATEGORY_ID, NAME, PARENT_ID, WEIGHT) VALUES (562, 'CLAS12 FT', 541, 1000);
INSERT INTO DTM_OWNER.CATEGORY (CATEGORY_ID, NAME, PARENT_ID, WEIGHT) VALUES (564, 'CLAS12 MVT', 541, 1000);
INSERT INTO DTM_OWNER.CATEGORY (CATEGORY_ID, NAME, PARENT_ID, WEIGHT) VALUES (583, 'Hall C Magnets', 402, 1000);
INSERT INTO DTM_OWNER.CATEGORY (CATEGORY_ID, NAME, PARENT_ID, WEIGHT) VALUES (582, 'Hall D Data Monitoring', 401, 1000);
INSERT INTO DTM_OWNER.CATEGORY (CATEGORY_ID, NAME, PARENT_ID, WEIGHT) VALUES (603, 'Hall A Magnets', 404, 1000);
INSERT INTO DTM_OWNER.CATEGORY (CATEGORY_ID, NAME, PARENT_ID, WEIGHT) VALUES (604, 'Noncredited Controls', 3, 1000);
INSERT INTO DTM_OWNER.CATEGORY (CATEGORY_ID, NAME, PARENT_ID, WEIGHT) VALUES (605, 'Level 1 Controls', 604, 1000);
INSERT INTO DTM_OWNER.CATEGORY (CATEGORY_ID, NAME, PARENT_ID, WEIGHT) VALUES (606, 'Level 2 Controls', 604, 1000);
INSERT INTO DTM_OWNER.CATEGORY (CATEGORY_ID, NAME, PARENT_ID, WEIGHT) VALUES (623, 'Sweep Procedures', 41, 1000);
INSERT INTO DTM_OWNER.CATEGORY (CATEGORY_ID, NAME, PARENT_ID, WEIGHT) VALUES (643, 'UITF', 0, 20);
INSERT INTO DTM_OWNER.CATEGORY (CATEGORY_ID, NAME, PARENT_ID, WEIGHT) VALUES (645, 'UITF Beam Dumps', 643, 100);
INSERT INTO DTM_OWNER.CATEGORY (CATEGORY_ID, NAME, PARENT_ID, WEIGHT) VALUES (646, 'UITF Beam Transport', 643, 100);
INSERT INTO DTM_OWNER.CATEGORY (CATEGORY_ID, NAME, PARENT_ID, WEIGHT) VALUES (647, 'UITF Control System', 643, 100);
INSERT INTO DTM_OWNER.CATEGORY (CATEGORY_ID, NAME, PARENT_ID, WEIGHT) VALUES (648, 'UITF Diagnostics', 643, 100);
INSERT INTO DTM_OWNER.CATEGORY (CATEGORY_ID, NAME, PARENT_ID, WEIGHT) VALUES (649, 'UITF Info Systems', 643, 100);
INSERT INTO DTM_OWNER.CATEGORY (CATEGORY_ID, NAME, PARENT_ID, WEIGHT) VALUES (650, 'UITF Magnets', 643, 100);
INSERT INTO DTM_OWNER.CATEGORY (CATEGORY_ID, NAME, PARENT_ID, WEIGHT) VALUES (651, 'UITF Operations', 643, 100);
INSERT INTO DTM_OWNER.CATEGORY (CATEGORY_ID, NAME, PARENT_ID, WEIGHT) VALUES (652, 'UITF RF Systems', 643, 100);
INSERT INTO DTM_OWNER.CATEGORY (CATEGORY_ID, NAME, PARENT_ID, WEIGHT) VALUES (653, 'UITF Radiation Control', 643, 100);
INSERT INTO DTM_OWNER.CATEGORY (CATEGORY_ID, NAME, PARENT_ID, WEIGHT) VALUES (654, 'UITF Safety Systems', 643, 100);
INSERT INTO DTM_OWNER.CATEGORY (CATEGORY_ID, NAME, PARENT_ID, WEIGHT) VALUES (655, 'UITF Source', 643, 100);
INSERT INTO DTM_OWNER.CATEGORY (CATEGORY_ID, NAME, PARENT_ID, WEIGHT) VALUES (656, 'UITF Vacuum', 643, 100);
INSERT INTO DTM_OWNER.CATEGORY (CATEGORY_ID, NAME, PARENT_ID, WEIGHT) VALUES (663, 'UITF Gun/Laser', 643, 1000);
INSERT INTO DTM_OWNER.CATEGORY (CATEGORY_ID, NAME, PARENT_ID, WEIGHT) VALUES (664, 'UITF Gun', 663, 1000);
INSERT INTO DTM_OWNER.CATEGORY (CATEGORY_ID, NAME, PARENT_ID, WEIGHT) VALUES (665, 'UITF Laser', 663, 1000);
INSERT INTO DTM_OWNER.CATEGORY (CATEGORY_ID, NAME, PARENT_ID, WEIGHT) VALUES (703, 'UITF Beamline Vacuum', 656, 1000);
INSERT INTO DTM_OWNER.CATEGORY (CATEGORY_ID, NAME, PARENT_ID, WEIGHT) VALUES (743, 'HDR', 242, 1000);

-- Populate System
INSERT INTO DTM_OWNER.SYSTEM (SYSTEM_ID, NAME, CATEGORY_ID, WEIGHT) VALUES (997, 'LERF Servers', 485, 1000);
INSERT INTO DTM_OWNER.SYSTEM (SYSTEM_ID, NAME, CATEGORY_ID, WEIGHT) VALUES (999, 'LERF Acceptance', 487, 1000);
INSERT INTO DTM_OWNER.SYSTEM (SYSTEM_ID, NAME, CATEGORY_ID, WEIGHT) VALUES (1036, 'Thin Septa', 32, 1000);
INSERT INTO DTM_OWNER.SYSTEM (SYSTEM_ID, NAME, CATEGORY_ID, WEIGHT) VALUES (1056, 'Turbo Pumps', 33, 1000);
INSERT INTO DTM_OWNER.SYSTEM (SYSTEM_ID, NAME, CATEGORY_ID, WEIGHT) VALUES (181, 'LCW System', 284, 1000);
INSERT INTO DTM_OWNER.SYSTEM (SYSTEM_ID, NAME, CATEGORY_ID, WEIGHT) VALUES (183, 'Air System', 5, 1000);
INSERT INTO DTM_OWNER.SYSTEM (SYSTEM_ID, NAME, CATEGORY_ID, WEIGHT) VALUES (339, 'Service Bldg. UPS', 262, 1000);
INSERT INTO DTM_OWNER.SYSTEM (SYSTEM_ID, NAME, CATEGORY_ID, WEIGHT) VALUES (356, 'Network Hardware', 264, 1000);
INSERT INTO DTM_OWNER.SYSTEM (SYSTEM_ID, NAME, CATEGORY_ID, WEIGHT) VALUES (357, 'Beam Stoppers', 41, 1000);
INSERT INTO DTM_OWNER.SYSTEM (SYSTEM_ID, NAME, CATEGORY_ID, WEIGHT) VALUES (376, 'Shunts', 32, 1000);
INSERT INTO DTM_OWNER.SYSTEM (SYSTEM_ID, NAME, CATEGORY_ID, WEIGHT) VALUES (169, 'Aperture (non-PSS)', 30, 1000);
INSERT INTO DTM_OWNER.SYSTEM (SYSTEM_ID, NAME, CATEGORY_ID, WEIGHT) VALUES (420, 'IOC Reboot Switches', 285, 1000);
INSERT INTO DTM_OWNER.SYSTEM (SYSTEM_ID, NAME, CATEGORY_ID, WEIGHT) VALUES (421, 'Temperature Readback IOCs', 285, 1000);
INSERT INTO DTM_OWNER.SYSTEM (SYSTEM_ID, NAME, CATEGORY_ID, WEIGHT) VALUES (186, 'HPA Fans', 283, 1000);
INSERT INTO DTM_OWNER.SYSTEM (SYSTEM_ID, NAME, CATEGORY_ID, WEIGHT) VALUES (424, 'Magnet Shed HVAC', 283, 1000);
INSERT INTO DTM_OWNER.SYSTEM (SYSTEM_ID, NAME, CATEGORY_ID, WEIGHT) VALUES (437, 'Alarm Handlers', 263, 1000);
INSERT INTO DTM_OWNER.SYSTEM (SYSTEM_ID, NAME, CATEGORY_ID, WEIGHT) VALUES (189, 'Drains/Disposal', 5, 1000);
INSERT INTO DTM_OWNER.SYSTEM (SYSTEM_ID, NAME, CATEGORY_ID, WEIGHT) VALUES (190, 'General Ventilation (Exhaust Fans)', 283, 1000);
INSERT INTO DTM_OWNER.SYSTEM (SYSTEM_ID, NAME, CATEGORY_ID, WEIGHT) VALUES (191, 'AC Distribution', 5, 1000);
INSERT INTO DTM_OWNER.SYSTEM (SYSTEM_ID, NAME, CATEGORY_ID, WEIGHT) VALUES (192, 'Rack Fans', 283, 1000);
INSERT INTO DTM_OWNER.SYSTEM (SYSTEM_ID, NAME, CATEGORY_ID, WEIGHT) VALUES (193, 'Site Fire Protection System', 5, 1000);
INSERT INTO DTM_OWNER.SYSTEM (SYSTEM_ID, NAME, CATEGORY_ID, WEIGHT) VALUES (197, 'Database Servers', 263, 1000);
INSERT INTO DTM_OWNER.SYSTEM (SYSTEM_ID, NAME, CATEGORY_ID, WEIGHT) VALUES (417, 'Air Conditioning (General Space Cooling)', 283, 1000);
INSERT INTO DTM_OWNER.SYSTEM (SYSTEM_ID, NAME, CATEGORY_ID, WEIGHT) VALUES (418, 'Dehumidification System', 283, 1000);
INSERT INTO DTM_OWNER.SYSTEM (SYSTEM_ID, NAME, CATEGORY_ID, WEIGHT) VALUES (202, 'IOCs', 285, 1000);
INSERT INTO DTM_OWNER.SYSTEM (SYSTEM_ID, NAME, CATEGORY_ID, WEIGHT) VALUES (736, 'Bubble Chamber', 17, 1000);
INSERT INTO DTM_OWNER.SYSTEM (SYSTEM_ID, NAME, CATEGORY_ID, WEIGHT) VALUES (757, 'ODH', 41, 1000);
INSERT INTO DTM_OWNER.SYSTEM (SYSTEM_ID, NAME, CATEGORY_ID, WEIGHT) VALUES (423, 'Chiller Systems', 283, 1000);
INSERT INTO DTM_OWNER.SYSTEM (SYSTEM_ID, NAME, CATEGORY_ID, WEIGHT) VALUES (759, 'Moeller Quads', 32, 1000);
INSERT INTO DTM_OWNER.SYSTEM (SYSTEM_ID, NAME, CATEGORY_ID, WEIGHT) VALUES (824, 'Hall B Collimator', 461, 1000);
INSERT INTO DTM_OWNER.SYSTEM (SYSTEM_ID, NAME, CATEGORY_ID, WEIGHT) VALUES (825, 'Hall A Acceptance', 404, 1000);
INSERT INTO DTM_OWNER.SYSTEM (SYSTEM_ID, NAME, CATEGORY_ID, WEIGHT) VALUES (277, 'Box Power Supplies', 32, 1000);
INSERT INTO DTM_OWNER.SYSTEM (SYSTEM_ID, NAME, CATEGORY_ID, WEIGHT) VALUES (278, 'LCW Valves', 7, 1000);
INSERT INTO DTM_OWNER.SYSTEM (SYSTEM_ID, NAME, CATEGORY_ID, WEIGHT) VALUES (285, 'BPM (4Channel)', 27, 1000);
INSERT INTO DTM_OWNER.SYSTEM (SYSTEM_ID, NAME, CATEGORY_ID, WEIGHT) VALUES (296, 'Access Controls', 41, 1000);
INSERT INTO DTM_OWNER.SYSTEM (SYSTEM_ID, NAME, CATEGORY_ID, WEIGHT) VALUES (297, 'PSS/MPS Kicker', 41, 1000);
INSERT INTO DTM_OWNER.SYSTEM (SYSTEM_ID, NAME, CATEGORY_ID, WEIGHT) VALUES (298, 'Aperture (PSS)', 30, 1000);
INSERT INTO DTM_OWNER.SYSTEM (SYSTEM_ID, NAME, CATEGORY_ID, WEIGHT) VALUES (299, '500keV Spectrometer Interlock', 41, 1000);
INSERT INTO DTM_OWNER.SYSTEM (SYSTEM_ID, NAME, CATEGORY_ID, WEIGHT) VALUES (300, 'iFix Operator Screens', 41, 1000);
INSERT INTO DTM_OWNER.SYSTEM (SYSTEM_ID, NAME, CATEGORY_ID, WEIGHT) VALUES (456, 'Hall C Moeller Solenoid', 31, 1000);
INSERT INTO DTM_OWNER.SYSTEM (SYSTEM_ID, NAME, CATEGORY_ID, WEIGHT) VALUES (316, 'Ion Pumps - SRF (VIP)', 34, 1000);
INSERT INTO DTM_OWNER.SYSTEM (SYSTEM_ID, NAME, CATEGORY_ID, WEIGHT) VALUES (324, 'Thermocouple Gauges (VTC)', 33, 1000);
INSERT INTO DTM_OWNER.SYSTEM (SYSTEM_ID, NAME, CATEGORY_ID, WEIGHT) VALUES (425, 'Injector Tunnel Space Cooling', 283, 1000);
INSERT INTO DTM_OWNER.SYSTEM (SYSTEM_ID, NAME, CATEGORY_ID, WEIGHT) VALUES (436, 'Acceptance', 8, 1000);
INSERT INTO DTM_OWNER.SYSTEM (SYSTEM_ID, NAME, CATEGORY_ID, WEIGHT) VALUES (496, 'EarthFieldCoil', 31, 1000);
INSERT INTO DTM_OWNER.SYSTEM (SYSTEM_ID, NAME, CATEGORY_ID, WEIGHT) VALUES (497, 'Radiation Monitors (Non-PSS Interlocked)', 9, 1000);
INSERT INTO DTM_OWNER.SYSTEM (SYSTEM_ID, NAME, CATEGORY_ID, WEIGHT) VALUES (1098, 'SRF Vacuum Instrumentation', 34, 1000);
INSERT INTO DTM_OWNER.SYSTEM (SYSTEM_ID, NAME, CATEGORY_ID, WEIGHT) VALUES (538, 'Unknown/Missing', 302, 1000);
INSERT INTO DTM_OWNER.SYSTEM (SYSTEM_ID, NAME, CATEGORY_ID, WEIGHT) VALUES (539, 'QE Scan', 161, 1000);
INSERT INTO DTM_OWNER.SYSTEM (SYSTEM_ID, NAME, CATEGORY_ID, WEIGHT) VALUES (1100, 'BLMHVMainFrame', 42, 1000);
INSERT INTO DTM_OWNER.SYSTEM (SYSTEM_ID, NAME, CATEGORY_ID, WEIGHT) VALUES (556, 'IOC (Low Level) Applications', 321, 1000);
INSERT INTO DTM_OWNER.SYSTEM (SYSTEM_ID, NAME, CATEGORY_ID, WEIGHT) VALUES (576, 'EDM Screens', 321, 1000);
INSERT INTO DTM_OWNER.SYSTEM (SYSTEM_ID, NAME, CATEGORY_ID, WEIGHT) VALUES (558, 'Unix Applications (OPS/Util)', 321, 1000);
INSERT INTO DTM_OWNER.SYSTEM (SYSTEM_ID, NAME, CATEGORY_ID, WEIGHT) VALUES (578, 'Bunchlength System', 17, 1000);
INSERT INTO DTM_OWNER.SYSTEM (SYSTEM_ID, NAME, CATEGORY_ID, WEIGHT) VALUES (647, 'Hall D Start Counter', 407, 1000);
INSERT INTO DTM_OWNER.SYSTEM (SYSTEM_ID, NAME, CATEGORY_ID, WEIGHT) VALUES (636, 'Hall D Acceptance', 401, 1000);
INSERT INTO DTM_OWNER.SYSTEM (SYSTEM_ID, NAME, CATEGORY_ID, WEIGHT) VALUES (646, 'Hall D Time-of-Flight', 407, 1000);
INSERT INTO DTM_OWNER.SYSTEM (SYSTEM_ID, NAME, CATEGORY_ID, WEIGHT) VALUES (649, 'Hall D Total Absorption Counter', 405, 1000);
INSERT INTO DTM_OWNER.SYSTEM (SYSTEM_ID, NAME, CATEGORY_ID, WEIGHT) VALUES (653, 'Hall D Radiators', 405, 1000);
INSERT INTO DTM_OWNER.SYSTEM (SYSTEM_ID, NAME, CATEGORY_ID, WEIGHT) VALUES (654, 'Hall D Tagging Hodoscope', 405, 1000);
INSERT INTO DTM_OWNER.SYSTEM (SYSTEM_ID, NAME, CATEGORY_ID, WEIGHT) VALUES (655, 'Hall D Beam Monitors', 405, 1000);
INSERT INTO DTM_OWNER.SYSTEM (SYSTEM_ID, NAME, CATEGORY_ID, WEIGHT) VALUES (656, 'Hall D Tagger Magnet', 405, 1000);
INSERT INTO DTM_OWNER.SYSTEM (SYSTEM_ID, NAME, CATEGORY_ID, WEIGHT) VALUES (697, 'Hall D Vacuum', 405, 1000);
INSERT INTO DTM_OWNER.SYSTEM (SYSTEM_ID, NAME, CATEGORY_ID, WEIGHT) VALUES (826, 'Hall C Acceptance', 402, 1000);
INSERT INTO DTM_OWNER.SYSTEM (SYSTEM_ID, NAME, CATEGORY_ID, WEIGHT) VALUES (827, 'Dump Puck', 17, 1000);
INSERT INTO DTM_OWNER.SYSTEM (SYSTEM_ID, NAME, CATEGORY_ID, WEIGHT) VALUES (1277, 'Diffuser (Passive)', 14, 1000);
INSERT INTO DTM_OWNER.SYSTEM (SYSTEM_ID, NAME, CATEGORY_ID, WEIGHT) VALUES (840, 'Pirani Gauges (VPG)', 33, 1000);
INSERT INTO DTM_OWNER.SYSTEM (SYSTEM_ID, NAME, CATEGORY_ID, WEIGHT) VALUES (1197, 'LERF Octupoles', 496, 1000);
INSERT INTO DTM_OWNER.SYSTEM (SYSTEM_ID, NAME, CATEGORY_ID, WEIGHT) VALUES (841, 'Cathode Gauges (VCG)', 33, 1000);
INSERT INTO DTM_OWNER.SYSTEM (SYSTEM_ID, NAME, CATEGORY_ID, WEIGHT) VALUES (896, 'Hall D Shutdown', 401, 1000);
INSERT INTO DTM_OWNER.SYSTEM (SYSTEM_ID, NAME, CATEGORY_ID, WEIGHT) VALUES (918, 'Helicity Coils', 31, 1000);
INSERT INTO DTM_OWNER.SYSTEM (SYSTEM_ID, NAME, CATEGORY_ID, WEIGHT) VALUES (936, 'LERF Stationary Dumps', 481, 1000);
INSERT INTO DTM_OWNER.SYSTEM (SYSTEM_ID, NAME, CATEGORY_ID, WEIGHT) VALUES (937, 'LERF Insertable Dumps', 481, 1000);
INSERT INTO DTM_OWNER.SYSTEM (SYSTEM_ID, NAME, CATEGORY_ID, WEIGHT) VALUES (938, 'LERF Machine Configuration', 482, 1000);
INSERT INTO DTM_OWNER.SYSTEM (SYSTEM_ID, NAME, CATEGORY_ID, WEIGHT) VALUES (939, 'LERF Consoles', 483, 1000);
INSERT INTO DTM_OWNER.SYSTEM (SYSTEM_ID, NAME, CATEGORY_ID, WEIGHT) VALUES (940, 'LERF Crates', 483, 1000);
INSERT INTO DTM_OWNER.SYSTEM (SYSTEM_ID, NAME, CATEGORY_ID, WEIGHT) VALUES (941, 'LERF IOCs', 483, 1000);
INSERT INTO DTM_OWNER.SYSTEM (SYSTEM_ID, NAME, CATEGORY_ID, WEIGHT) VALUES (942, 'LERF AMS', 484, 1000);
INSERT INTO DTM_OWNER.SYSTEM (SYSTEM_ID, NAME, CATEGORY_ID, WEIGHT) VALUES (943, 'LERF BPMs', 484, 1000);
INSERT INTO DTM_OWNER.SYSTEM (SYSTEM_ID, NAME, CATEGORY_ID, WEIGHT) VALUES (944, 'LERF Current Monitors', 484, 1000);
INSERT INTO DTM_OWNER.SYSTEM (SYSTEM_ID, NAME, CATEGORY_ID, WEIGHT) VALUES (945, 'LERF M55', 484, 1000);
INSERT INTO DTM_OWNER.SYSTEM (SYSTEM_ID, NAME, CATEGORY_ID, WEIGHT) VALUES (946, 'LERF Multislit', 484, 1000);
INSERT INTO DTM_OWNER.SYSTEM (SYSTEM_ID, NAME, CATEGORY_ID, WEIGHT) VALUES (947, 'LERF Video System', 484, 1000);
INSERT INTO DTM_OWNER.SYSTEM (SYSTEM_ID, NAME, CATEGORY_ID, WEIGHT) VALUES (948, 'LERF Viewers', 484, 1000);
INSERT INTO DTM_OWNER.SYSTEM (SYSTEM_ID, NAME, CATEGORY_ID, WEIGHT) VALUES (949, 'LERF HAPPEK', 484, 1000);
INSERT INTO DTM_OWNER.SYSTEM (SYSTEM_ID, NAME, CATEGORY_ID, WEIGHT) VALUES (950, 'LERF Network', 485, 1000);
INSERT INTO DTM_OWNER.SYSTEM (SYSTEM_ID, NAME, CATEGORY_ID, WEIGHT) VALUES (951, 'LERF UPS', 485, 1000);
INSERT INTO DTM_OWNER.SYSTEM (SYSTEM_ID, NAME, CATEGORY_ID, WEIGHT) VALUES (952, 'LERF LCW Valves', 486, 1000);
INSERT INTO DTM_OWNER.SYSTEM (SYSTEM_ID, NAME, CATEGORY_ID, WEIGHT) VALUES (953, 'LERF EDM Screens', 494, 1000);
INSERT INTO DTM_OWNER.SYSTEM (SYSTEM_ID, NAME, CATEGORY_ID, WEIGHT) VALUES (1198, 'Hall C Targets', 402, 1000);
INSERT INTO DTM_OWNER.SYSTEM (SYSTEM_ID, NAME, CATEGORY_ID, WEIGHT) VALUES (955, 'LERF UNIX Apps (HLA/Beam)', 494, 1000);
INSERT INTO DTM_OWNER.SYSTEM (SYSTEM_ID, NAME, CATEGORY_ID, WEIGHT) VALUES (961, 'LERF Correctors', 496, 1000);
INSERT INTO DTM_OWNER.SYSTEM (SYSTEM_ID, NAME, CATEGORY_ID, WEIGHT) VALUES (962, 'LERF Quads', 496, 1000);
INSERT INTO DTM_OWNER.SYSTEM (SYSTEM_ID, NAME, CATEGORY_ID, WEIGHT) VALUES (963, 'LERF Sextupoles', 496, 1000);
INSERT INTO DTM_OWNER.SYSTEM (SYSTEM_ID, NAME, CATEGORY_ID, WEIGHT) VALUES (964, 'LERF Solenoids', 496, 1000);
INSERT INTO DTM_OWNER.SYSTEM (SYSTEM_ID, NAME, CATEGORY_ID, WEIGHT) VALUES (965, 'LERF Trim Racks', 496, 1000);
INSERT INTO DTM_OWNER.SYSTEM (SYSTEM_ID, NAME, CATEGORY_ID, WEIGHT) VALUES (966, 'LERF Documentation', 487, 1000);
INSERT INTO DTM_OWNER.SYSTEM (SYSTEM_ID, NAME, CATEGORY_ID, WEIGHT) VALUES (967, 'LERF Operator Training', 487, 1000);
INSERT INTO DTM_OWNER.SYSTEM (SYSTEM_ID, NAME, CATEGORY_ID, WEIGHT) VALUES (968, 'LERF Master Oscillator', 488, 1000);
INSERT INTO DTM_OWNER.SYSTEM (SYSTEM_ID, NAME, CATEGORY_ID, WEIGHT) VALUES (969, 'LERF Cryomodules', 497, 1000);
INSERT INTO DTM_OWNER.SYSTEM (SYSTEM_ID, NAME, CATEGORY_ID, WEIGHT) VALUES (970, 'LERF RF Cavities', 497, 1000);
INSERT INTO DTM_OWNER.SYSTEM (SYSTEM_ID, NAME, CATEGORY_ID, WEIGHT) VALUES (971, 'LERF Buncher', 498, 1000);
INSERT INTO DTM_OWNER.SYSTEM (SYSTEM_ID, NAME, CATEGORY_ID, WEIGHT) VALUES (972, 'LERF Drive Laser', 498, 1000);
INSERT INTO DTM_OWNER.SYSTEM (SYSTEM_ID, NAME, CATEGORY_ID, WEIGHT) VALUES (973, 'LERF Penetrations', 489, 1000);
INSERT INTO DTM_OWNER.SYSTEM (SYSTEM_ID, NAME, CATEGORY_ID, WEIGHT) VALUES (974, 'LERF Postings', 489, 1000);
INSERT INTO DTM_OWNER.SYSTEM (SYSTEM_ID, NAME, CATEGORY_ID, WEIGHT) VALUES (975, 'LERF RadCon Checklist', 489, 1000);
INSERT INTO DTM_OWNER.SYSTEM (SYSTEM_ID, NAME, CATEGORY_ID, WEIGHT) VALUES (976, 'LERF Radiation Monitors (PSS Interlocked)', 489, 1000);
INSERT INTO DTM_OWNER.SYSTEM (SYSTEM_ID, NAME, CATEGORY_ID, WEIGHT) VALUES (977, 'LERF Radiation Monitors (non-PSS Interlocked)', 489, 1000);
INSERT INTO DTM_OWNER.SYSTEM (SYSTEM_ID, NAME, CATEGORY_ID, WEIGHT) VALUES (978, 'LERF Shielding', 489, 1000);
INSERT INTO DTM_OWNER.SYSTEM (SYSTEM_ID, NAME, CATEGORY_ID, WEIGHT) VALUES (1322, 'Hall D Online', 582, 1000);
INSERT INTO DTM_OWNER.SYSTEM (SYSTEM_ID, NAME, CATEGORY_ID, WEIGHT) VALUES (1076, 'Hall D Polarimeter', 405, 1000);
INSERT INTO DTM_OWNER.SYSTEM (SYSTEM_ID, NAME, CATEGORY_ID, WEIGHT) VALUES (1096, 'Operations Personnel', 8, 1000);
INSERT INTO DTM_OWNER.SYSTEM (SYSTEM_ID, NAME, CATEGORY_ID, WEIGHT) VALUES (1097, 'Beamline Vacuum Instrumentation', 33, 1000);
INSERT INTO DTM_OWNER.SYSTEM (SYSTEM_ID, NAME, CATEGORY_ID, WEIGHT) VALUES (1116, 'Beam Transport Monitors', 41, 1000);
INSERT INTO DTM_OWNER.SYSTEM (SYSTEM_ID, NAME, CATEGORY_ID, WEIGHT) VALUES (1177, 'PRad HyCal', 521, 1000);
INSERT INTO DTM_OWNER.SYSTEM (SYSTEM_ID, NAME, CATEGORY_ID, WEIGHT) VALUES (1178, 'PRad GEMs', 521, 1000);
INSERT INTO DTM_OWNER.SYSTEM (SYSTEM_ID, NAME, CATEGORY_ID, WEIGHT) VALUES (1199, 'Hall C Detectors', 402, 1000);
INSERT INTO DTM_OWNER.SYSTEM (SYSTEM_ID, NAME, CATEGORY_ID, WEIGHT) VALUES (1216, 'LERF BM/MM/FSD', 499, 1000);
INSERT INTO DTM_OWNER.SYSTEM (SYSTEM_ID, NAME, CATEGORY_ID, WEIGHT) VALUES (1236, 'Hall D Compton Calorimeter', 407, 1000);
INSERT INTO DTM_OWNER.SYSTEM (SYSTEM_ID, NAME, CATEGORY_ID, WEIGHT) VALUES (1280, 'CLAS12 Gas', 541, 1000);
INSERT INTO DTM_OWNER.SYSTEM (SYSTEM_ID, NAME, CATEGORY_ID, WEIGHT) VALUES (1249, 'CLAS12 HTCC', 541, 1000);
INSERT INTO DTM_OWNER.SYSTEM (SYSTEM_ID, NAME, CATEGORY_ID, WEIGHT) VALUES (1244, 'CLAS12 FTOF 1a', 545, 1000);
INSERT INTO DTM_OWNER.SYSTEM (SYSTEM_ID, NAME, CATEGORY_ID, WEIGHT) VALUES (1250, 'CLAS12 DC Region1', 547, 1000);
INSERT INTO DTM_OWNER.SYSTEM (SYSTEM_ID, NAME, CATEGORY_ID, WEIGHT) VALUES (1251, 'CLAS12 DC Region2', 547, 1000);
INSERT INTO DTM_OWNER.SYSTEM (SYSTEM_ID, NAME, CATEGORY_ID, WEIGHT) VALUES (1252, 'CLAS12 DC Region3', 547, 1000);
INSERT INTO DTM_OWNER.SYSTEM (SYSTEM_ID, NAME, CATEGORY_ID, WEIGHT) VALUES (1298, 'Hall D Pair Dipole', 405, 1000);
INSERT INTO DTM_OWNER.SYSTEM (SYSTEM_ID, NAME, CATEGORY_ID, WEIGHT) VALUES (1279, 'CLAS12 Calorimeter', 541, 1000);
INSERT INTO DTM_OWNER.SYSTEM (SYSTEM_ID, NAME, CATEGORY_ID, WEIGHT) VALUES (1286, 'CLAS12 FT-TRK', 562, 1000);
INSERT INTO DTM_OWNER.SYSTEM (SYSTEM_ID, NAME, CATEGORY_ID, WEIGHT) VALUES (1289, 'Hall D RF system', 405, 1000);
INSERT INTO DTM_OWNER.SYSTEM (SYSTEM_ID, NAME, CATEGORY_ID, WEIGHT) VALUES (1318, 'Hall A Tritium Exp (RADCON)', 404, 1000);
INSERT INTO DTM_OWNER.SYSTEM (SYSTEM_ID, NAME, CATEGORY_ID, WEIGHT) VALUES (1319, 'LINACS', 4, 1000);
INSERT INTO DTM_OWNER.SYSTEM (SYSTEM_ID, NAME, CATEGORY_ID, WEIGHT) VALUES (1329, 'Injector Valves', 33, 1000);
INSERT INTO DTM_OWNER.SYSTEM (SYSTEM_ID, NAME, CATEGORY_ID, WEIGHT) VALUES (1330, 'CLAS12 BAND', 541, 1000);
INSERT INTO DTM_OWNER.SYSTEM (SYSTEM_ID, NAME, CATEGORY_ID, WEIGHT) VALUES (1331, 'Hall B Moeller', 461, 1000);
INSERT INTO DTM_OWNER.SYSTEM (SYSTEM_ID, NAME, CATEGORY_ID, WEIGHT) VALUES (1334, 'HV Card', 42, 1000);
INSERT INTO DTM_OWNER.SYSTEM (SYSTEM_ID, NAME, CATEGORY_ID, WEIGHT) VALUES (1336, 'Raster Halves', 31, 1000);
INSERT INTO DTM_OWNER.SYSTEM (SYSTEM_ID, NAME, CATEGORY_ID, WEIGHT) VALUES (1337, 'Hall A Rasters', 603, 1000);
INSERT INTO DTM_OWNER.SYSTEM (SYSTEM_ID, NAME, CATEGORY_ID, WEIGHT) VALUES (1338, 'Air Exchange Scrubber Interlock', 605, 1000);
INSERT INTO DTM_OWNER.SYSTEM (SYSTEM_ID, NAME, CATEGORY_ID, WEIGHT) VALUES (1348, 'CARM', 606, 1000);
INSERT INTO DTM_OWNER.SYSTEM (SYSTEM_ID, NAME, CATEGORY_ID, WEIGHT) VALUES (1349, 'Grounding Sticks', 606, 1000);
INSERT INTO DTM_OWNER.SYSTEM (SYSTEM_ID, NAME, CATEGORY_ID, WEIGHT) VALUES (1353, 'Sensors and Containment', 606, 1000);
INSERT INTO DTM_OWNER.SYSTEM (SYSTEM_ID, NAME, CATEGORY_ID, WEIGHT) VALUES (1354, 'Smoke Removal Fans and Door Roll Up', 606, 1000);
INSERT INTO DTM_OWNER.SYSTEM (SYSTEM_ID, NAME, CATEGORY_ID, WEIGHT) VALUES (1355, 'Vacuum Furnace Interlocks', 606, 1000);
INSERT INTO DTM_OWNER.SYSTEM (SYSTEM_ID, NAME, CATEGORY_ID, WEIGHT) VALUES (1365, 'Ion Chambers (Diag)', 17, 1000);
INSERT INTO DTM_OWNER.SYSTEM (SYSTEM_ID, NAME, CATEGORY_ID, WEIGHT) VALUES (1385, 'Hall D Gas Shed', 606, 1000);
INSERT INTO DTM_OWNER.SYSTEM (SYSTEM_ID, NAME, CATEGORY_ID, WEIGHT) VALUES (1405, 'LERF Access Controls', 500, 1000);
INSERT INTO DTM_OWNER.SYSTEM (SYSTEM_ID, NAME, CATEGORY_ID, WEIGHT) VALUES (1406, 'LERF iFix Operator Screens', 500, 1000);
INSERT INTO DTM_OWNER.SYSTEM (SYSTEM_ID, NAME, CATEGORY_ID, WEIGHT) VALUES (1426, 'Hall A Sweep Procedures', 623, 1000);
INSERT INTO DTM_OWNER.SYSTEM (SYSTEM_ID, NAME, CATEGORY_ID, WEIGHT) VALUES (1427, 'Hall C Sweep Procedures', 623, 1000);
INSERT INTO DTM_OWNER.SYSTEM (SYSTEM_ID, NAME, CATEGORY_ID, WEIGHT) VALUES (167, 'Ops Documentation', 8, 1000);
INSERT INTO DTM_OWNER.SYSTEM (SYSTEM_ID, NAME, CATEGORY_ID, WEIGHT) VALUES (457, '30Hz Sync System', 205, 1000);
INSERT INTO DTM_OWNER.SYSTEM (SYSTEM_ID, NAME, CATEGORY_ID, WEIGHT) VALUES (170, 'Stationary Dumps', 14, 1000);
INSERT INTO DTM_OWNER.SYSTEM (SYSTEM_ID, NAME, CATEGORY_ID, WEIGHT) VALUES (397, 'Correctors (LCW)', 281, 1000);
INSERT INTO DTM_OWNER.SYSTEM (SYSTEM_ID, NAME, CATEGORY_ID, WEIGHT) VALUES (536, 'Weather', 301, 1000);
INSERT INTO DTM_OWNER.SYSTEM (SYSTEM_ID, NAME, CATEGORY_ID, WEIGHT) VALUES (577, 'Systems Administration', 15, 1000);
INSERT INTO DTM_OWNER.SYSTEM (SYSTEM_ID, NAME, CATEGORY_ID, WEIGHT) VALUES (616, 'Beam Transport', 381, 1000);
INSERT INTO DTM_OWNER.SYSTEM (SYSTEM_ID, NAME, CATEGORY_ID, WEIGHT) VALUES (221, 'Survey Equipment', 9, 1000);
INSERT INTO DTM_OWNER.SYSTEM (SYSTEM_ID, NAME, CATEGORY_ID, WEIGHT) VALUES (222, 'Postings', 9, 1000);
INSERT INTO DTM_OWNER.SYSTEM (SYSTEM_ID, NAME, CATEGORY_ID, WEIGHT) VALUES (223, 'Shielding Configuration', 9, 1000);
INSERT INTO DTM_OWNER.SYSTEM (SYSTEM_ID, NAME, CATEGORY_ID, WEIGHT) VALUES (224, 'Penetrations', 9, 1000);
INSERT INTO DTM_OWNER.SYSTEM (SYSTEM_ID, NAME, CATEGORY_ID, WEIGHT) VALUES (225, 'Radcon Checklists', 9, 1000);
INSERT INTO DTM_OWNER.SYSTEM (SYSTEM_ID, NAME, CATEGORY_ID, WEIGHT) VALUES (227, '30Hz Modulation System', 205, 1000);
INSERT INTO DTM_OWNER.SYSTEM (SYSTEM_ID, NAME, CATEGORY_ID, WEIGHT) VALUES (228, 'Beam Sync System', 205, 1000);
INSERT INTO DTM_OWNER.SYSTEM (SYSTEM_ID, NAME, CATEGORY_ID, WEIGHT) VALUES (241, 'Radiation Monitors (PSS Interlocked)', 9, 1000);
INSERT INTO DTM_OWNER.SYSTEM (SYSTEM_ID, NAME, CATEGORY_ID, WEIGHT) VALUES (816, 'Rasters', 31, 1000);
INSERT INTO DTM_OWNER.SYSTEM (SYSTEM_ID, NAME, CATEGORY_ID, WEIGHT) VALUES (828, 'Hall Downtime', 465, 1000);
INSERT INTO DTM_OWNER.SYSTEM (SYSTEM_ID, NAME, CATEGORY_ID, WEIGHT) VALUES (829, 'Diffuser (Active)', 14, 1000);
INSERT INTO DTM_OWNER.SYSTEM (SYSTEM_ID, NAME, CATEGORY_ID, WEIGHT) VALUES (830, 'Hall B DAQ', 403, 1000);
INSERT INTO DTM_OWNER.SYSTEM (SYSTEM_ID, NAME, CATEGORY_ID, WEIGHT) VALUES (831, 'Hall B Slow Controls', 403, 1000);
INSERT INTO DTM_OWNER.SYSTEM (SYSTEM_ID, NAME, CATEGORY_ID, WEIGHT) VALUES (838, 'Hall B Viewers', 461, 1000);
INSERT INTO DTM_OWNER.SYSTEM (SYSTEM_ID, NAME, CATEGORY_ID, WEIGHT) VALUES (836, 'Hall B HPS ECal', 467, 1000);
INSERT INTO DTM_OWNER.SYSTEM (SYSTEM_ID, NAME, CATEGORY_ID, WEIGHT) VALUES (837, 'Hall B HPS SVT', 467, 1000);
INSERT INTO DTM_OWNER.SYSTEM (SYSTEM_ID, NAME, CATEGORY_ID, WEIGHT) VALUES (276, 'Solenoid', 31, 1000);
INSERT INTO DTM_OWNER.SYSTEM (SYSTEM_ID, NAME, CATEGORY_ID, WEIGHT) VALUES (502, 'Laser Table', 162, 1000);
INSERT INTO DTM_OWNER.SYSTEM (SYSTEM_ID, NAME, CATEGORY_ID, WEIGHT) VALUES (516, 'Dipoles (Trim Powered)', 31, 1000);
INSERT INTO DTM_OWNER.SYSTEM (SYSTEM_ID, NAME, CATEGORY_ID, WEIGHT) VALUES (283, 'Warm RF', 18, 1000);
INSERT INTO DTM_OWNER.SYSTEM (SYSTEM_ID, NAME, CATEGORY_ID, WEIGHT) VALUES (284, 'MO System', 18, 1000);
INSERT INTO DTM_OWNER.SYSTEM (SYSTEM_ID, NAME, CATEGORY_ID, WEIGHT) VALUES (301, 'PSS BCMs', 41, 1000);
INSERT INTO DTM_OWNER.SYSTEM (SYSTEM_ID, NAME, CATEGORY_ID, WEIGHT) VALUES (637, 'Hall D Solenoid Pre-cooldown', 406, 1000);
INSERT INTO DTM_OWNER.SYSTEM (SYSTEM_ID, NAME, CATEGORY_ID, WEIGHT) VALUES (319, 'CHL1', 241, 1000);
INSERT INTO DTM_OWNER.SYSTEM (SYSTEM_ID, NAME, CATEGORY_ID, WEIGHT) VALUES (320, 'CHL2', 241, 1000);
INSERT INTO DTM_OWNER.SYSTEM (SYSTEM_ID, NAME, CATEGORY_ID, WEIGHT) VALUES (321, 'ESR (Hall A,B,C)', 242, 1000);
INSERT INTO DTM_OWNER.SYSTEM (SYSTEM_ID, NAME, CATEGORY_ID, WEIGHT) VALUES (323, 'Insertable Dumplettes', 14, 1000);
INSERT INTO DTM_OWNER.SYSTEM (SYSTEM_ID, NAME, CATEGORY_ID, WEIGHT) VALUES (325, 'SRF Beamline Vacuum', 34, 1000);
INSERT INTO DTM_OWNER.SYSTEM (SYSTEM_ID, NAME, CATEGORY_ID, WEIGHT) VALUES (326, 'RF Separators', 18, 1000);
INSERT INTO DTM_OWNER.SYSTEM (SYSTEM_ID, NAME, CATEGORY_ID, WEIGHT) VALUES (338, 'MCC UPS', 262, 1000);
INSERT INTO DTM_OWNER.SYSTEM (SYSTEM_ID, NAME, CATEGORY_ID, WEIGHT) VALUES (340, 'Gateways', 15, 1000);
INSERT INTO DTM_OWNER.SYSTEM (SYSTEM_ID, NAME, CATEGORY_ID, WEIGHT) VALUES (341, 'Archive Servers', 263, 1000);
INSERT INTO DTM_OWNER.SYSTEM (SYSTEM_ID, NAME, CATEGORY_ID, WEIGHT) VALUES (342, 'VSphere Servers', 263, 1000);
INSERT INTO DTM_OWNER.SYSTEM (SYSTEM_ID, NAME, CATEGORY_ID, WEIGHT) VALUES (343, 'Auth Servers', 263, 1000);
INSERT INTO DTM_OWNER.SYSTEM (SYSTEM_ID, NAME, CATEGORY_ID, WEIGHT) VALUES (396, 'Correctors (air core)', 281, 1000);
INSERT INTO DTM_OWNER.SYSTEM (SYSTEM_ID, NAME, CATEGORY_ID, WEIGHT) VALUES (419, 'CAMAC Crates', 285, 1000);
INSERT INTO DTM_OWNER.SYSTEM (SYSTEM_ID, NAME, CATEGORY_ID, WEIGHT) VALUES (422, 'Cooling Towers', 283, 1000);
INSERT INTO DTM_OWNER.SYSTEM (SYSTEM_ID, NAME, CATEGORY_ID, WEIGHT) VALUES (426, 'Injector Polarized Gun Cleanroom', 283, 1000);
INSERT INTO DTM_OWNER.SYSTEM (SYSTEM_ID, NAME, CATEGORY_ID, WEIGHT) VALUES (427, 'Accelerator Chilled Water Loop', 283, 1000);
INSERT INTO DTM_OWNER.SYSTEM (SYSTEM_ID, NAME, CATEGORY_ID, WEIGHT) VALUES (476, 'BLA', 42, 1000);
INSERT INTO DTM_OWNER.SYSTEM (SYSTEM_ID, NAME, CATEGORY_ID, WEIGHT) VALUES (498, 'Aperture (Chopping)', 30, 1000);
INSERT INTO DTM_OWNER.SYSTEM (SYSTEM_ID, NAME, CATEGORY_ID, WEIGHT) VALUES (499, 'Gun HV', 161, 1000);
INSERT INTO DTM_OWNER.SYSTEM (SYSTEM_ID, NAME, CATEGORY_ID, WEIGHT) VALUES (500, 'Gun Photocathode', 161, 1000);
INSERT INTO DTM_OWNER.SYSTEM (SYSTEM_ID, NAME, CATEGORY_ID, WEIGHT) VALUES (501, 'Laser RF', 162, 1000);
INSERT INTO DTM_OWNER.SYSTEM (SYSTEM_ID, NAME, CATEGORY_ID, WEIGHT) VALUES (638, 'Hall D Solenoid Refrigerator', 406, 1000);
INSERT INTO DTM_OWNER.SYSTEM (SYSTEM_ID, NAME, CATEGORY_ID, WEIGHT) VALUES (639, 'Hall D Solenoid Cooldown', 406, 1000);
INSERT INTO DTM_OWNER.SYSTEM (SYSTEM_ID, NAME, CATEGORY_ID, WEIGHT) VALUES (640, 'Hall D Solenoid Operations', 406, 1000);
INSERT INTO DTM_OWNER.SYSTEM (SYSTEM_ID, NAME, CATEGORY_ID, WEIGHT) VALUES (641, 'Hall D Central Drift Chambers', 407, 1000);
INSERT INTO DTM_OWNER.SYSTEM (SYSTEM_ID, NAME, CATEGORY_ID, WEIGHT) VALUES (642, 'Hall D Gas System', 407, 1000);
INSERT INTO DTM_OWNER.SYSTEM (SYSTEM_ID, NAME, CATEGORY_ID, WEIGHT) VALUES (643, 'Hall D Forward Drift Chambers', 407, 1000);
INSERT INTO DTM_OWNER.SYSTEM (SYSTEM_ID, NAME, CATEGORY_ID, WEIGHT) VALUES (644, 'Hall D Forward Calorimeter', 407, 1000);
INSERT INTO DTM_OWNER.SYSTEM (SYSTEM_ID, NAME, CATEGORY_ID, WEIGHT) VALUES (645, 'Hall D Barrel Calorimeter', 407, 1000);
INSERT INTO DTM_OWNER.SYSTEM (SYSTEM_ID, NAME, CATEGORY_ID, WEIGHT) VALUES (648, 'Hall D Cryogenic Target', 405, 1000);
INSERT INTO DTM_OWNER.SYSTEM (SYSTEM_ID, NAME, CATEGORY_ID, WEIGHT) VALUES (650, 'Hall D Pair Spectrometer', 405, 1000);
INSERT INTO DTM_OWNER.SYSTEM (SYSTEM_ID, NAME, CATEGORY_ID, WEIGHT) VALUES (651, 'Hall D Photon Beamline', 405, 1000);
INSERT INTO DTM_OWNER.SYSTEM (SYSTEM_ID, NAME, CATEGORY_ID, WEIGHT) VALUES (839, 'Hall B LCW', 461, 1000);
INSERT INTO DTM_OWNER.SYSTEM (SYSTEM_ID, NAME, CATEGORY_ID, WEIGHT) VALUES (657, 'Hall D Tagging Microscope', 405, 1000);
INSERT INTO DTM_OWNER.SYSTEM (SYSTEM_ID, NAME, CATEGORY_ID, WEIGHT) VALUES (676, 'Hall D Solid Target', 405, 1000);
INSERT INTO DTM_OWNER.SYSTEM (SYSTEM_ID, NAME, CATEGORY_ID, WEIGHT) VALUES (956, 'LERF UNIX Apps (OPS/Util)', 494, 1000);
INSERT INTO DTM_OWNER.SYSTEM (SYSTEM_ID, NAME, CATEGORY_ID, WEIGHT) VALUES (876, 'Gun Comparator', 161, 1000);
INSERT INTO DTM_OWNER.SYSTEM (SYSTEM_ID, NAME, CATEGORY_ID, WEIGHT) VALUES (877, 'Ion Chambers', 42, 1000);
INSERT INTO DTM_OWNER.SYSTEM (SYSTEM_ID, NAME, CATEGORY_ID, WEIGHT) VALUES (957, 'LERF Box Power Supplies', 495, 1000);
INSERT INTO DTM_OWNER.SYSTEM (SYSTEM_ID, NAME, CATEGORY_ID, WEIGHT) VALUES (958, 'LERF Dipoles', 495, 1000);
INSERT INTO DTM_OWNER.SYSTEM (SYSTEM_ID, NAME, CATEGORY_ID, WEIGHT) VALUES (959, 'LERF Rasters', 495, 1000);
INSERT INTO DTM_OWNER.SYSTEM (SYSTEM_ID, NAME, CATEGORY_ID, WEIGHT) VALUES (960, 'LERF Shunts', 495, 1000);
INSERT INTO DTM_OWNER.SYSTEM (SYSTEM_ID, NAME, CATEGORY_ID, WEIGHT) VALUES (979, 'LERF BLMs', 499, 1000);
INSERT INTO DTM_OWNER.SYSTEM (SYSTEM_ID, NAME, CATEGORY_ID, WEIGHT) VALUES (1246, 'CLAS12 FTOF 2', 545, 1000);
INSERT INTO DTM_OWNER.SYSTEM (SYSTEM_ID, NAME, CATEGORY_ID, WEIGHT) VALUES (1282, 'Hall B Solenoid', 561, 1000);
INSERT INTO DTM_OWNER.SYSTEM (SYSTEM_ID, NAME, CATEGORY_ID, WEIGHT) VALUES (982, 'LERF ODH System', 500, 1000);
INSERT INTO DTM_OWNER.SYSTEM (SYSTEM_ID, NAME, CATEGORY_ID, WEIGHT) VALUES (1247, 'CLAS12 CTOF', 545, 1000);
INSERT INTO DTM_OWNER.SYSTEM (SYSTEM_ID, NAME, CATEGORY_ID, WEIGHT) VALUES (984, 'LERF DLPC', 501, 1000);
INSERT INTO DTM_OWNER.SYSTEM (SYSTEM_ID, NAME, CATEGORY_ID, WEIGHT) VALUES (985, 'LERF Laser Table', 501, 1000);
INSERT INTO DTM_OWNER.SYSTEM (SYSTEM_ID, NAME, CATEGORY_ID, WEIGHT) VALUES (986, 'LERF Cathode', 502, 1000);
INSERT INTO DTM_OWNER.SYSTEM (SYSTEM_ID, NAME, CATEGORY_ID, WEIGHT) VALUES (987, 'LERF Gun HVPS', 503, 1000);
INSERT INTO DTM_OWNER.SYSTEM (SYSTEM_ID, NAME, CATEGORY_ID, WEIGHT) VALUES (988, 'LERF SF6 System', 503, 1000);
INSERT INTO DTM_OWNER.SYSTEM (SYSTEM_ID, NAME, CATEGORY_ID, WEIGHT) VALUES (1248, 'CLAS12 LTCC', 541, 1000);
INSERT INTO DTM_OWNER.SYSTEM (SYSTEM_ID, NAME, CATEGORY_ID, WEIGHT) VALUES (1245, 'CLAS12 FTOF 1b', 545, 1000);
INSERT INTO DTM_OWNER.SYSTEM (SYSTEM_ID, NAME, CATEGORY_ID, WEIGHT) VALUES (991, 'LERF SRF Ion Pumps', 504, 1000);
INSERT INTO DTM_OWNER.SYSTEM (SYSTEM_ID, NAME, CATEGORY_ID, WEIGHT) VALUES (992, 'LERF Waveguide Vacuum', 504, 1000);
INSERT INTO DTM_OWNER.SYSTEM (SYSTEM_ID, NAME, CATEGORY_ID, WEIGHT) VALUES (993, 'LERF Fast Valves', 505, 1000);
INSERT INTO DTM_OWNER.SYSTEM (SYSTEM_ID, NAME, CATEGORY_ID, WEIGHT) VALUES (994, 'LERF Ion Pumps and Controllers', 505, 1000);
INSERT INTO DTM_OWNER.SYSTEM (SYSTEM_ID, NAME, CATEGORY_ID, WEIGHT) VALUES (995, 'LERF Slow Valves', 505, 1000);
INSERT INTO DTM_OWNER.SYSTEM (SYSTEM_ID, NAME, CATEGORY_ID, WEIGHT) VALUES (996, 'LERF Vacuum Gauges', 505, 1000);
INSERT INTO DTM_OWNER.SYSTEM (SYSTEM_ID, NAME, CATEGORY_ID, WEIGHT) VALUES (1016, 'LERF Source Vacuum', 502, 1000);
INSERT INTO DTM_OWNER.SYSTEM (SYSTEM_ID, NAME, CATEGORY_ID, WEIGHT) VALUES (1099, 'FSD Watchdogs', 42, 1000);
INSERT INTO DTM_OWNER.SYSTEM (SYSTEM_ID, NAME, CATEGORY_ID, WEIGHT) VALUES (1136, 'Hall B Sweep Procedures', 623, 1000);
INSERT INTO DTM_OWNER.SYSTEM (SYSTEM_ID, NAME, CATEGORY_ID, WEIGHT) VALUES (1156, 'MOMod', 17, 1000);
INSERT INTO DTM_OWNER.SYSTEM (SYSTEM_ID, NAME, CATEGORY_ID, WEIGHT) VALUES (1179, 'HyCal Transporter', 521, 1000);
INSERT INTO DTM_OWNER.SYSTEM (SYSTEM_ID, NAME, CATEGORY_ID, WEIGHT) VALUES (1180, 'Hall A Detectors', 404, 1000);
INSERT INTO DTM_OWNER.SYSTEM (SYSTEM_ID, NAME, CATEGORY_ID, WEIGHT) VALUES (1181, 'Hall A Targets', 404, 1000);
INSERT INTO DTM_OWNER.SYSTEM (SYSTEM_ID, NAME, CATEGORY_ID, WEIGHT) VALUES (1184, 'PRad Target', 521, 1000);
INSERT INTO DTM_OWNER.SYSTEM (SYSTEM_ID, NAME, CATEGORY_ID, WEIGHT) VALUES (1200, 'Hall C Beam Transport Monitors', 402, 1000);
INSERT INTO DTM_OWNER.SYSTEM (SYSTEM_ID, NAME, CATEGORY_ID, WEIGHT) VALUES (1201, 'Hall B Beam Transport Monitors', 403, 1000);
INSERT INTO DTM_OWNER.SYSTEM (SYSTEM_ID, NAME, CATEGORY_ID, WEIGHT) VALUES (1276, 'Diagnostic BLM', 17, 1000);
INSERT INTO DTM_OWNER.SYSTEM (SYSTEM_ID, NAME, CATEGORY_ID, WEIGHT) VALUES (1283, 'Hall A Compton Dipoles', 32, 1000);
INSERT INTO DTM_OWNER.SYSTEM (SYSTEM_ID, NAME, CATEGORY_ID, WEIGHT) VALUES (1281, 'Hall B Torus', 561, 1000);
INSERT INTO DTM_OWNER.SYSTEM (SYSTEM_ID, NAME, CATEGORY_ID, WEIGHT) VALUES (1284, 'CLAS12 FT-HODO', 562, 1000);
INSERT INTO DTM_OWNER.SYSTEM (SYSTEM_ID, NAME, CATEGORY_ID, WEIGHT) VALUES (1285, 'CLAS12 FT-CAL', 562, 1000);
INSERT INTO DTM_OWNER.SYSTEM (SYSTEM_ID, NAME, CATEGORY_ID, WEIGHT) VALUES (1287, 'CLAS12 Forward MVT', 564, 1000);
INSERT INTO DTM_OWNER.SYSTEM (SYSTEM_ID, NAME, CATEGORY_ID, WEIGHT) VALUES (1288, 'CLAS12 Central MVT', 564, 1000);
INSERT INTO DTM_OWNER.SYSTEM (SYSTEM_ID, NAME, CATEGORY_ID, WEIGHT) VALUES (1316, 'Hall A Tritium Exp', 404, 1000);
INSERT INTO DTM_OWNER.SYSTEM (SYSTEM_ID, NAME, CATEGORY_ID, WEIGHT) VALUES (1317, 'Hall D DIRC ', 407, 1000);
INSERT INTO DTM_OWNER.SYSTEM (SYSTEM_ID, NAME, CATEGORY_ID, WEIGHT) VALUES (1326, 'CLAS12 RICH', 541, 1000);
INSERT INTO DTM_OWNER.SYSTEM (SYSTEM_ID, NAME, CATEGORY_ID, WEIGHT) VALUES (1323, 'Hall D Offline', 582, 1000);
INSERT INTO DTM_OWNER.SYSTEM (SYSTEM_ID, NAME, CATEGORY_ID, WEIGHT) VALUES (1324, 'Hall A 9th Dipole', 404, 1000);
INSERT INTO DTM_OWNER.SYSTEM (SYSTEM_ID, NAME, CATEGORY_ID, WEIGHT) VALUES (1325, 'Hall C Rasters', 583, 1000);
INSERT INTO DTM_OWNER.SYSTEM (SYSTEM_ID, NAME, CATEGORY_ID, WEIGHT) VALUES (1327, 'Cryo LERF', 4, 1000);
INSERT INTO DTM_OWNER.SYSTEM (SYSTEM_ID, NAME, CATEGORY_ID, WEIGHT) VALUES (1328, 'Hall A Beam Transport Monitors', 404, 1000);
INSERT INTO DTM_OWNER.SYSTEM (SYSTEM_ID, NAME, CATEGORY_ID, WEIGHT) VALUES (1332, 'Hall D Pair Converter', 405, 1000);
INSERT INTO DTM_OWNER.SYSTEM (SYSTEM_ID, NAME, CATEGORY_ID, WEIGHT) VALUES (1333, 'Rf4Laser', 161, 1000);
INSERT INTO DTM_OWNER.SYSTEM (SYSTEM_ID, NAME, CATEGORY_ID, WEIGHT) VALUES (1335, 'Target Ladder', 17, 1000);
INSERT INTO DTM_OWNER.SYSTEM (SYSTEM_ID, NAME, CATEGORY_ID, WEIGHT) VALUES (1339, 'Fume Hood Alerts', 605, 1000);
INSERT INTO DTM_OWNER.SYSTEM (SYSTEM_ID, NAME, CATEGORY_ID, WEIGHT) VALUES (1340, 'Gas Flow Limiting Orifice', 605, 1000);
INSERT INTO DTM_OWNER.SYSTEM (SYSTEM_ID, NAME, CATEGORY_ID, WEIGHT) VALUES (1341, 'Nitrogen Valve', 605, 1000);
INSERT INTO DTM_OWNER.SYSTEM (SYSTEM_ID, NAME, CATEGORY_ID, WEIGHT) VALUES (1342, 'Noncredited PSS', 605, 1000);
INSERT INTO DTM_OWNER.SYSTEM (SYSTEM_ID, NAME, CATEGORY_ID, WEIGHT) VALUES (1343, 'Refrigerant Alarms', 605, 1000);
INSERT INTO DTM_OWNER.SYSTEM (SYSTEM_ID, NAME, CATEGORY_ID, WEIGHT) VALUES (1408, 'LERF Sweep Procedures', 500, 1000);
INSERT INTO DTM_OWNER.SYSTEM (SYSTEM_ID, NAME, CATEGORY_ID, WEIGHT) VALUES (1345, 'Solvent Exhaust Hood Gauge', 605, 1000);
INSERT INTO DTM_OWNER.SYSTEM (SYSTEM_ID, NAME, CATEGORY_ID, WEIGHT) VALUES (1346, 'Noncredited ODH', 605, 1000);
INSERT INTO DTM_OWNER.SYSTEM (SYSTEM_ID, NAME, CATEGORY_ID, WEIGHT) VALUES (1347, 'Air Make-up Fans', 606, 1000);
INSERT INTO DTM_OWNER.SYSTEM (SYSTEM_ID, NAME, CATEGORY_ID, WEIGHT) VALUES (1350, 'H2 Monitoring', 606, 1000);
INSERT INTO DTM_OWNER.SYSTEM (SYSTEM_ID, NAME, CATEGORY_ID, WEIGHT) VALUES (1351, 'Hydrogen Sensors', 606, 1000);
INSERT INTO DTM_OWNER.SYSTEM (SYSTEM_ID, NAME, CATEGORY_ID, WEIGHT) VALUES (1352, 'Radiation Boundary Monitors', 606, 1000);
INSERT INTO DTM_OWNER.SYSTEM (SYSTEM_ID, NAME, CATEGORY_ID, WEIGHT) VALUES (1407, 'Sweep Procedures', 623, 1000);
INSERT INTO DTM_OWNER.SYSTEM (SYSTEM_ID, NAME, CATEGORY_ID, WEIGHT) VALUES (1425, 'Hall D Sweep Procedures', 623, 1000);
INSERT INTO DTM_OWNER.SYSTEM (SYSTEM_ID, NAME, CATEGORY_ID, WEIGHT) VALUES (716, 'Trim Racks', 31, 1000);
INSERT INTO DTM_OWNER.SYSTEM (SYSTEM_ID, NAME, CATEGORY_ID, WEIGHT) VALUES (756, 'SRCCPS', 31, 1000);
INSERT INTO DTM_OWNER.SYSTEM (SYSTEM_ID, NAME, CATEGORY_ID, WEIGHT) VALUES (758, 'BPM (Cavity)', 27, 1000);
INSERT INTO DTM_OWNER.SYSTEM (SYSTEM_ID, NAME, CATEGORY_ID, WEIGHT) VALUES (776, 'Hall C Compton Dipoles', 32, 1000);
INSERT INTO DTM_OWNER.SYSTEM (SYSTEM_ID, NAME, CATEGORY_ID, WEIGHT) VALUES (817, 'Hall B Acceptance', 403, 1000);
INSERT INTO DTM_OWNER.SYSTEM (SYSTEM_ID, NAME, CATEGORY_ID, WEIGHT) VALUES (818, 'Hall B Faraday Cup', 461, 1000);
INSERT INTO DTM_OWNER.SYSTEM (SYSTEM_ID, NAME, CATEGORY_ID, WEIGHT) VALUES (819, 'Hall B Magnets', 461, 1000);
INSERT INTO DTM_OWNER.SYSTEM (SYSTEM_ID, NAME, CATEGORY_ID, WEIGHT) VALUES (820, 'Hall B Vacuum', 461, 1000);
INSERT INTO DTM_OWNER.SYSTEM (SYSTEM_ID, NAME, CATEGORY_ID, WEIGHT) VALUES (821, 'Hall B Harps', 461, 1000);
INSERT INTO DTM_OWNER.SYSTEM (SYSTEM_ID, NAME, CATEGORY_ID, WEIGHT) VALUES (822, 'Hall B Halo Counters', 461, 1000);
INSERT INTO DTM_OWNER.SYSTEM (SYSTEM_ID, NAME, CATEGORY_ID, WEIGHT) VALUES (823, 'Hall B Targets', 461, 1000);
INSERT INTO DTM_OWNER.SYSTEM (SYSTEM_ID, NAME, CATEGORY_ID, WEIGHT) VALUES (1182, 'LERF SLMs', 484, 1000);
INSERT INTO DTM_OWNER.SYSTEM (SYSTEM_ID, NAME, CATEGORY_ID, WEIGHT) VALUES (1183, 'LERF VDPs', 505, 1000);
INSERT INTO DTM_OWNER.SYSTEM (SYSTEM_ID, NAME, CATEGORY_ID, WEIGHT) VALUES (62, 'Unix Applications (HLA/Beam)', 321, 1000);
INSERT INTO DTM_OWNER.SYSTEM (SYSTEM_ID, NAME, CATEGORY_ID, WEIGHT) VALUES (63, 'File Servers', 263, 1000);
INSERT INTO DTM_OWNER.SYSTEM (SYSTEM_ID, NAME, CATEGORY_ID, WEIGHT) VALUES (1253, 'CLAS12 SVT', 541, 1000);
INSERT INTO DTM_OWNER.SYSTEM (SYSTEM_ID, NAME, CATEGORY_ID, WEIGHT) VALUES (35, 'Correctors (iron core)', 281, 1000);
INSERT INTO DTM_OWNER.SYSTEM (SYSTEM_ID, NAME, CATEGORY_ID, WEIGHT) VALUES (36, 'Quads', 31, 1000);
INSERT INTO DTM_OWNER.SYSTEM (SYSTEM_ID, NAME, CATEGORY_ID, WEIGHT) VALUES (37, 'Dipoles', 32, 1000);
INSERT INTO DTM_OWNER.SYSTEM (SYSTEM_ID, NAME, CATEGORY_ID, WEIGHT) VALUES (38, 'Synchotron Light Monitors', 26, 1000);
INSERT INTO DTM_OWNER.SYSTEM (SYSTEM_ID, NAME, CATEGORY_ID, WEIGHT) VALUES (39, 'OTR', 26, 1000);
INSERT INTO DTM_OWNER.SYSTEM (SYSTEM_ID, NAME, CATEGORY_ID, WEIGHT) VALUES (40, 'Standard Viewers (ITV)', 26, 1000);
INSERT INTO DTM_OWNER.SYSTEM (SYSTEM_ID, NAME, CATEGORY_ID, WEIGHT) VALUES (41, 'BPM (nanoAmp)', 27, 1000);
INSERT INTO DTM_OWNER.SYSTEM (SYSTEM_ID, NAME, CATEGORY_ID, WEIGHT) VALUES (42, 'BPM (SEE)', 27, 1000);
INSERT INTO DTM_OWNER.SYSTEM (SYSTEM_ID, NAME, CATEGORY_ID, WEIGHT) VALUES (43, 'BPM (Stripline)', 27, 1000);
INSERT INTO DTM_OWNER.SYSTEM (SYSTEM_ID, NAME, CATEGORY_ID, WEIGHT) VALUES (44, 'Harps', 17, 1000);
INSERT INTO DTM_OWNER.SYSTEM (SYSTEM_ID, NAME, CATEGORY_ID, WEIGHT) VALUES (45, 'Fast Feedback', 17, 1000);
INSERT INTO DTM_OWNER.SYSTEM (SYSTEM_ID, NAME, CATEGORY_ID, WEIGHT) VALUES (46, 'Diagnostic BCMs', 30, 1000);
INSERT INTO DTM_OWNER.SYSTEM (SYSTEM_ID, NAME, CATEGORY_ID, WEIGHT) VALUES (47, 'F-Cups', 30, 1000);
INSERT INTO DTM_OWNER.SYSTEM (SYSTEM_ID, NAME, CATEGORY_ID, WEIGHT) VALUES (281, 'Wien', 31, 1000);
INSERT INTO DTM_OWNER.SYSTEM (SYSTEM_ID, NAME, CATEGORY_ID, WEIGHT) VALUES (49, 'Beam Valves (VBV)', 33, 1000);
INSERT INTO DTM_OWNER.SYSTEM (SYSTEM_ID, NAME, CATEGORY_ID, WEIGHT) VALUES (50, 'Fast Valves (VFV)', 33, 1000);
INSERT INTO DTM_OWNER.SYSTEM (SYSTEM_ID, NAME, CATEGORY_ID, WEIGHT) VALUES (51, 'Ion Pumps (VIP)', 33, 1000);
INSERT INTO DTM_OWNER.SYSTEM (SYSTEM_ID, NAME, CATEGORY_ID, WEIGHT) VALUES (52, 'Differential Pressure Stations (VDP)', 33, 1000);
INSERT INTO DTM_OWNER.SYSTEM (SYSTEM_ID, NAME, CATEGORY_ID, WEIGHT) VALUES (53, 'SRF Insulating Vacuum', 34, 1000);
INSERT INTO DTM_OWNER.SYSTEM (SYSTEM_ID, NAME, CATEGORY_ID, WEIGHT) VALUES (54, 'Waveguide SRF', 34, 1000);
INSERT INTO DTM_OWNER.SYSTEM (SYSTEM_ID, NAME, CATEGORY_ID, WEIGHT) VALUES (141, 'Cryomodules', 35, 1000);
INSERT INTO DTM_OWNER.SYSTEM (SYSTEM_ID, NAME, CATEGORY_ID, WEIGHT) VALUES (56, 'MPS BLM', 42, 1000);
INSERT INTO DTM_OWNER.SYSTEM (SYSTEM_ID, NAME, CATEGORY_ID, WEIGHT) VALUES (57, 'FSD', 42, 1000);
INSERT INTO DTM_OWNER.SYSTEM (SYSTEM_ID, NAME, CATEGORY_ID, WEIGHT) VALUES (1255, 'CLAS12 CND', 541, 1000);
INSERT INTO DTM_OWNER.SYSTEM (SYSTEM_ID, NAME, CATEGORY_ID, WEIGHT) VALUES (142, 'RF Cavities', 35, 1000);
INSERT INTO DTM_OWNER.SYSTEM (SYSTEM_ID, NAME, CATEGORY_ID, WEIGHT) VALUES (1445, 'UITF Current Monitors', 648, 1000);
INSERT INTO DTM_OWNER.SYSTEM (SYSTEM_ID, NAME, CATEGORY_ID, WEIGHT) VALUES (1448, 'Hall B HPS Hodo', 467, 1000);
INSERT INTO DTM_OWNER.SYSTEM (SYSTEM_ID, NAME, CATEGORY_ID, WEIGHT) VALUES (1465, 'UITF Dipoles', 650, 1000);
INSERT INTO DTM_OWNER.SYSTEM (SYSTEM_ID, NAME, CATEGORY_ID, WEIGHT) VALUES (1466, 'UITF Correctors', 650, 1000);
INSERT INTO DTM_OWNER.SYSTEM (SYSTEM_ID, NAME, CATEGORY_ID, WEIGHT) VALUES (1471, 'UITF Wien', 650, 1000);
INSERT INTO DTM_OWNER.SYSTEM (SYSTEM_ID, NAME, CATEGORY_ID, WEIGHT) VALUES (1472, 'UITF BPMs', 648, 1000);
INSERT INTO DTM_OWNER.SYSTEM (SYSTEM_ID, NAME, CATEGORY_ID, WEIGHT) VALUES (1473, 'UITF Viewers', 648, 1000);
INSERT INTO DTM_OWNER.SYSTEM (SYSTEM_ID, NAME, CATEGORY_ID, WEIGHT) VALUES (1474, 'UITF F-Cups', 648, 1000);
INSERT INTO DTM_OWNER.SYSTEM (SYSTEM_ID, NAME, CATEGORY_ID, WEIGHT) VALUES (1490, 'UITF Laser Table', 665, 1000);
INSERT INTO DTM_OWNER.SYSTEM (SYSTEM_ID, NAME, CATEGORY_ID, WEIGHT) VALUES (1491, 'UITF IOCs', 647, 1000);
INSERT INTO DTM_OWNER.SYSTEM (SYSTEM_ID, NAME, CATEGORY_ID, WEIGHT) VALUES (1505, 'UITF Consoles', 647, 1000);
INSERT INTO DTM_OWNER.SYSTEM (SYSTEM_ID, NAME, CATEGORY_ID, WEIGHT) VALUES (1506, 'UITF Controls Network', 647, 1000);
INSERT INTO DTM_OWNER.SYSTEM (SYSTEM_ID, NAME, CATEGORY_ID, WEIGHT) VALUES (1507, 'UITF UPS', 649, 1000);
INSERT INTO DTM_OWNER.SYSTEM (SYSTEM_ID, NAME, CATEGORY_ID, WEIGHT) VALUES (1509, 'UITF Insertable Dumps', 645, 1000);
INSERT INTO DTM_OWNER.SYSTEM (SYSTEM_ID, NAME, CATEGORY_ID, WEIGHT) VALUES (1510, 'UITF Stationary Dumps', 645, 1000);
INSERT INTO DTM_OWNER.SYSTEM (SYSTEM_ID, NAME, CATEGORY_ID, WEIGHT) VALUES (1525, 'UITF Box Supplies', 650, 1000);
INSERT INTO DTM_OWNER.SYSTEM (SYSTEM_ID, NAME, CATEGORY_ID, WEIGHT) VALUES (1545, 'LERF Targets', 2, 1000);
INSERT INTO DTM_OWNER.SYSTEM (SYSTEM_ID, NAME, CATEGORY_ID, WEIGHT) VALUES (1608, 'UITF MPS BLM', 654, 1000);
INSERT INTO DTM_OWNER.SYSTEM (SYSTEM_ID, NAME, CATEGORY_ID, WEIGHT) VALUES (1566, 'Hall D GEM/TRD', 407, 1000);
INSERT INTO DTM_OWNER.SYSTEM (SYSTEM_ID, NAME, CATEGORY_ID, WEIGHT) VALUES (1605, 'UITF Ion Pumps', 703, 1000);
INSERT INTO DTM_OWNER.SYSTEM (SYSTEM_ID, NAME, CATEGORY_ID, WEIGHT) VALUES (1649, 'UITF Radcon Checklists', 653, 1000);
INSERT INTO DTM_OWNER.SYSTEM (SYSTEM_ID, NAME, CATEGORY_ID, WEIGHT) VALUES (1785, 'Hall C Diagnostic BCMs', 402, 1000);
INSERT INTO DTM_OWNER.SYSTEM (SYSTEM_ID, NAME, CATEGORY_ID, WEIGHT) VALUES (1685, 'HDR Gas Management', 743, 1000);
INSERT INTO DTM_OWNER.SYSTEM (SYSTEM_ID, NAME, CATEGORY_ID, WEIGHT) VALUES (1725, 'NeutronDetectors', 17, 1000);
INSERT INTO DTM_OWNER.SYSTEM (SYSTEM_ID, NAME, CATEGORY_ID, WEIGHT) VALUES (1447, 'UITF Harps', 648, 1000);
INSERT INTO DTM_OWNER.SYSTEM (SYSTEM_ID, NAME, CATEGORY_ID, WEIGHT) VALUES (1467, 'UITF Solenoids', 650, 1000);
INSERT INTO DTM_OWNER.SYSTEM (SYSTEM_ID, NAME, CATEGORY_ID, WEIGHT) VALUES (1468, 'UITF Quads', 650, 1000);
INSERT INTO DTM_OWNER.SYSTEM (SYSTEM_ID, NAME, CATEGORY_ID, WEIGHT) VALUES (1469, 'UITF Trim Racks', 650, 1000);
INSERT INTO DTM_OWNER.SYSTEM (SYSTEM_ID, NAME, CATEGORY_ID, WEIGHT) VALUES (1470, 'UITF Rasters', 650, 1000);
INSERT INTO DTM_OWNER.SYSTEM (SYSTEM_ID, NAME, CATEGORY_ID, WEIGHT) VALUES (1475, 'UITF Brock Cavities', 648, 1000);
INSERT INTO DTM_OWNER.SYSTEM (SYSTEM_ID, NAME, CATEGORY_ID, WEIGHT) VALUES (1476, 'UITF Aperture', 648, 1000);
INSERT INTO DTM_OWNER.SYSTEM (SYSTEM_ID, NAME, CATEGORY_ID, WEIGHT) VALUES (1485, 'UITF Gun Comparator', 664, 1000);
INSERT INTO DTM_OWNER.SYSTEM (SYSTEM_ID, NAME, CATEGORY_ID, WEIGHT) VALUES (1486, 'UITF Gun HV', 664, 1000);
INSERT INTO DTM_OWNER.SYSTEM (SYSTEM_ID, NAME, CATEGORY_ID, WEIGHT) VALUES (1487, 'UITF Gun Photocathode', 664, 1000);
INSERT INTO DTM_OWNER.SYSTEM (SYSTEM_ID, NAME, CATEGORY_ID, WEIGHT) VALUES (1488, 'UITF RfLaser', 664, 1000);
INSERT INTO DTM_OWNER.SYSTEM (SYSTEM_ID, NAME, CATEGORY_ID, WEIGHT) VALUES (1489, 'UITF Laser RF', 665, 1000);
INSERT INTO DTM_OWNER.SYSTEM (SYSTEM_ID, NAME, CATEGORY_ID, WEIGHT) VALUES (1508, 'UITF UNIX Apps (HLA/Beam)', 649, 1000);
INSERT INTO DTM_OWNER.SYSTEM (SYSTEM_ID, NAME, CATEGORY_ID, WEIGHT) VALUES (1585, 'UITF Warm RF', 652, 1000);
INSERT INTO DTM_OWNER.SYSTEM (SYSTEM_ID, NAME, CATEGORY_ID, WEIGHT) VALUES (1606, 'UITF UHV Pumps', 703, 1000);
INSERT INTO DTM_OWNER.SYSTEM (SYSTEM_ID, NAME, CATEGORY_ID, WEIGHT) VALUES (1607, 'UITF Beam Valves', 703, 1000);
INSERT INTO DTM_OWNER.SYSTEM (SYSTEM_ID, NAME, CATEGORY_ID, WEIGHT) VALUES (1625, 'CLAS12 RTPC (BONUS)', 541, 1000);
INSERT INTO DTM_OWNER.SYSTEM (SYSTEM_ID, NAME, CATEGORY_ID, WEIGHT) VALUES (1645, 'UITF Penetrations', 653, 1000);
INSERT INTO DTM_OWNER.SYSTEM (SYSTEM_ID, NAME, CATEGORY_ID, WEIGHT) VALUES (1646, 'UITF Postings', 653, 1000);
INSERT INTO DTM_OWNER.SYSTEM (SYSTEM_ID, NAME, CATEGORY_ID, WEIGHT) VALUES (1647, 'UITF Radiation Monitors', 653, 1000);
INSERT INTO DTM_OWNER.SYSTEM (SYSTEM_ID, NAME, CATEGORY_ID, WEIGHT) VALUES (1648, 'UITF Shielding Configuration', 653, 1000);
INSERT INTO DTM_OWNER.SYSTEM (SYSTEM_ID, NAME, CATEGORY_ID, WEIGHT) VALUES (1745, 'Hall A Spectrometer', 603, 1000);
INSERT INTO DTM_OWNER.SYSTEM (SYSTEM_ID, NAME, CATEGORY_ID, WEIGHT) VALUES (1686, 'HDR Cold Box CB1', 743, 1000);
INSERT INTO DTM_OWNER.SYSTEM (SYSTEM_ID, NAME, CATEGORY_ID, WEIGHT) VALUES (1705, 'UHV Getter Pumps (VGP)', 33, 1000);
INSERT INTO DTM_OWNER.SYSTEM (SYSTEM_ID, NAME, CATEGORY_ID, WEIGHT) VALUES (1765, 'Hall D Forward MWPC/CTOF', 407, 1000);
INSERT INTO DTM_OWNER.SYSTEM (SYSTEM_ID, NAME, CATEGORY_ID, WEIGHT) VALUES (1786, 'Hall B Safety', 403, 1000);
