alter session set container = XEPDB1;

-- Populate EventType
insert into dtm_owner.event_type (event_type_id, name, weight, abbreviation) values(1, 'Accelerator', 1, 'ACC');
insert into dtm_owner.event_type (event_type_id, name, weight, abbreviation) values(2, 'Hall A', 2, 'HLA');
insert into dtm_owner.event_type (event_type_id, name, weight, abbreviation) values(3, 'Hall B', 3, 'HLB');
insert into dtm_owner.event_type (event_type_id, name, weight, abbreviation) values(4, 'Hall C', 4, 'HLC');
insert into dtm_owner.event_type (event_type_id, name, weight, abbreviation) values(5, 'Hall D', 5, 'HLD');
insert into dtm_owner.event_type (event_type_id, name, weight, abbreviation) values(6, 'LERF', 6, 'LRF');
insert into dtm_owner.event_type (event_type_id, name, weight, abbreviation) values(7, 'Non-Program', 7, 'NP');

-- Populate Workgroup
insert into DTM_OWNER.WORKGROUP (WORKGROUP_ID, NAME) values (1, 'Group 1');
insert into DTM_OWNER.WORKGROUP (WORKGROUP_ID, NAME) values (2, 'Group 2');
insert into DTM_OWNER.WORKGROUP (WORKGROUP_ID, NAME) values (3, 'Group 3');

-- Populate Region
insert into DTM_OWNER.REGION (REGION_ID, NAME, ALIAS, WEIGHT) values (1, 'Injector', '0I,1I,2I,3I,0L,1D,2D,3D,4D,5D,0R', 10);
insert into DTM_OWNER.REGION (REGION_ID, NAME, ALIAS, WEIGHT) values (2, 'North Linac', '1L,3L,5L,7L,9L,BL,NL', 20);
insert into DTM_OWNER.REGION (REGION_ID, NAME, ALIAS, WEIGHT) values (3, 'NE', '1S,3S,5S,7S,9S,BT', 30);
insert into DTM_OWNER.REGION (REGION_ID, NAME, ALIAS, WEIGHT) values (4, 'ARC1', '1A', 40);
insert into DTM_OWNER.REGION (REGION_ID, NAME, ALIAS, WEIGHT) values (5, 'SE', '1R,3R,5R,7R,9R', 50);
insert into DTM_OWNER.REGION (REGION_ID, NAME, ALIAS, WEIGHT) values (6, 'South Linac', '2L,4L,6L,8L,AL,SL', 60);
insert into DTM_OWNER.REGION (REGION_ID, NAME, ALIAS, WEIGHT) values (7, 'SW', '2S,4S,6S,8S,AS', 70);
insert into DTM_OWNER.REGION (REGION_ID, NAME, ALIAS, WEIGHT) values (8, 'ARC2', '2A', 80);
insert into DTM_OWNER.REGION (REGION_ID, NAME, ALIAS, WEIGHT) values (9, 'NW', '2R,4R,6R,8R,AR', 90);
insert into DTM_OWNER.REGION (REGION_ID, NAME, ALIAS, WEIGHT) values (10, 'ARC3', '3A', 100);
insert into DTM_OWNER.REGION (REGION_ID, NAME, ALIAS, WEIGHT) values (11, 'ARC4', '4A', 110);
insert into DTM_OWNER.REGION (REGION_ID, NAME, ALIAS, WEIGHT) values (12, 'ARC5', '5A', 120);
insert into DTM_OWNER.REGION (REGION_ID, NAME, ALIAS, WEIGHT) values (13, 'ARC6', '6A', 130);
insert into DTM_OWNER.REGION (REGION_ID, NAME, ALIAS, WEIGHT) values (14, 'ARC7', '7A', 140);
insert into DTM_OWNER.REGION (REGION_ID, NAME, ALIAS, WEIGHT) values (15, 'ARC8', '8A', 150);
insert into DTM_OWNER.REGION (REGION_ID, NAME, ALIAS, WEIGHT) values (16, 'ARC9', '9A', 160);
insert into DTM_OWNER.REGION (REGION_ID, NAME, ALIAS, WEIGHT) values (17, 'Extraction South', '2E,4E,6E,8E,AE', 170);
insert into DTM_OWNER.REGION (REGION_ID, NAME, ALIAS, WEIGHT) values (18, 'Test Lab', 'TL Bldg. 58', 1000);
insert into DTM_OWNER.REGION (REGION_ID, NAME, ALIAS, WEIGHT) values (19, 'Beam Switchyard / Transport', 'BSY,4C,4H,2T,4T,6T,8T,AT', 190);
insert into DTM_OWNER.REGION (REGION_ID, NAME, ALIAS, WEIGHT) values (20, 'Hall A Line', '1P,1C', 200);
insert into DTM_OWNER.REGION (REGION_ID, NAME, ALIAS, WEIGHT) values (21, 'Hall B Line', '2C', 210);
insert into DTM_OWNER.REGION (REGION_ID, NAME, ALIAS, WEIGHT) values (22, 'Hall C Line', '3P,3C', 220);
insert into DTM_OWNER.REGION (REGION_ID, NAME, ALIAS, WEIGHT) values (23, 'Hall A', '1H', 230);
insert into DTM_OWNER.REGION (REGION_ID, NAME, ALIAS, WEIGHT) values (24, 'Hall B', '2M,2H', 240);
insert into DTM_OWNER.REGION (REGION_ID, NAME, ALIAS, WEIGHT) values (25, 'Hall C', '3M,3H', 250);
insert into DTM_OWNER.REGION (REGION_ID, NAME, ALIAS, WEIGHT) values (26, 'ARC10', 'AA', 260);
insert into DTM_OWNER.REGION (REGION_ID, NAME, ALIAS, WEIGHT) values (27, 'Extraction North', 'BS,1E,3E,5E,7E,9E,BE', 270);
insert into DTM_OWNER.REGION (REGION_ID, NAME, ALIAS, WEIGHT) values (28, 'Hall D Line', '5C,AD', 280);
insert into DTM_OWNER.REGION (REGION_ID, NAME, ALIAS, WEIGHT) values (29, 'Hall D', '5H', 290);
insert into DTM_OWNER.REGION (REGION_ID, NAME, ALIAS, WEIGHT) values (30, 'Site Wide', 'Other', 2000);
insert into DTM_OWNER.REGION (REGION_ID, NAME, ALIAS, WEIGHT) values (31, 'LERF Vault', 'Bldg. 18', 1010);
insert into DTM_OWNER.REGION (REGION_ID, NAME, ALIAS, WEIGHT) values (32, 'LERF Gallery', 'Bldg. 18', 1010);
insert into DTM_OWNER.REGION (REGION_ID, NAME, ALIAS, WEIGHT) values (33, 'Experimental Equipment Lab', 'EEL Bldg. 90', 1000);
insert into DTM_OWNER.REGION (REGION_ID, NAME, ALIAS, WEIGHT) values (34, 'Central Helium Liquefier', 'CHL Bldg. 8', 1000);
insert into DTM_OWNER.REGION (REGION_ID, NAME, ALIAS, WEIGHT) values (35, 'LERF Gun Test Stand', 'GTS Bldg. 18', 1010);
insert into DTM_OWNER.REGION (REGION_ID, NAME, ALIAS, WEIGHT) values (36, 'Cryogenics Test Facility', 'CTF Bldg. 57', 1000);
insert into DTM_OWNER.REGION (REGION_ID, NAME, ALIAS, WEIGHT) values (37, 'Central Utility Plant', 'CUP Bldg. 60', 1000);
insert into DTM_OWNER.REGION (REGION_ID, NAME, ALIAS, WEIGHT) values (38, 'South Extractor Service', 'W1 Bldg. 82', 1000);
insert into DTM_OWNER.REGION (REGION_ID, NAME, ALIAS, WEIGHT) values (39, 'Hall A Beam Dump Cooling', 'Bldg. 91', 1000);
insert into DTM_OWNER.REGION (REGION_ID, NAME, ALIAS, WEIGHT) values (40, 'Hall C Beam Dump Cooling', 'Bldg. 95', 1000);
insert into DTM_OWNER.REGION (REGION_ID, NAME, ALIAS, WEIGHT) values (41, 'ABC Counting House', 'Bldg. 97', 1000);
insert into DTM_OWNER.REGION (REGION_ID, NAME, ALIAS, WEIGHT) values (42, 'End Station Refrigeration', 'ESR Bldg. 102/104', 1000);
insert into DTM_OWNER.REGION (REGION_ID, NAME, ALIAS, WEIGHT) values (43, 'Hall D Refrigeration', 'Bldg. 201', 1000);
insert into DTM_OWNER.REGION (REGION_ID, NAME, ALIAS, WEIGHT) values (44, 'UITF Vault', 'TL Bldg. 58', 1500);

-- Populate Category
insert into DTM_OWNER.CATEGORY (CATEGORY_ID, NAME, PARENT_ID, WEIGHT) values (0, 'JLAB', null, 1);
insert into DTM_OWNER.CATEGORY (CATEGORY_ID, NAME, PARENT_ID, WEIGHT) values (1, 'CEBAF', 0, 1);
insert into DTM_OWNER.CATEGORY (CATEGORY_ID, NAME, PARENT_ID, WEIGHT) values (3, 'Other', 0, 50);
insert into DTM_OWNER.CATEGORY (CATEGORY_ID, NAME, PARENT_ID, WEIGHT) values (4, 'Cryo', 0, 3);
insert into DTM_OWNER.CATEGORY (CATEGORY_ID, NAME, PARENT_ID, WEIGHT) values (5, 'Facilities', 0, 4);
insert into DTM_OWNER.CATEGORY (CATEGORY_ID, NAME, PARENT_ID, WEIGHT) values (6, 'Gun/Laser', 1, 1000);
insert into DTM_OWNER.CATEGORY (CATEGORY_ID, NAME, PARENT_ID, WEIGHT) values (7, 'Magnets', 1, 1000);
insert into DTM_OWNER.CATEGORY (CATEGORY_ID, NAME, PARENT_ID, WEIGHT) values (8, 'Operations', 1, 1000);
insert into DTM_OWNER.CATEGORY (CATEGORY_ID, NAME, PARENT_ID, WEIGHT) values (9, 'Radiation Controls', 1, 1000);
insert into DTM_OWNER.CATEGORY (CATEGORY_ID, NAME, PARENT_ID, WEIGHT) values (10, 'Vacuum', 1, 1000);
insert into DTM_OWNER.CATEGORY (CATEGORY_ID, NAME, PARENT_ID, WEIGHT) values (11, 'Safety Systems', 1, 1000);
insert into DTM_OWNER.CATEGORY (CATEGORY_ID, NAME, PARENT_ID, WEIGHT) values (14, 'Beam Dumps', 1, 1000);
insert into DTM_OWNER.CATEGORY (CATEGORY_ID, NAME, PARENT_ID, WEIGHT) values (15, 'Info Systems', 1, 1000);
insert into DTM_OWNER.CATEGORY (CATEGORY_ID, NAME, PARENT_ID, WEIGHT) values (17, 'Diagnostics', 1, 1000);
insert into DTM_OWNER.CATEGORY (CATEGORY_ID, NAME, PARENT_ID, WEIGHT) values (18, 'RF', 1, 1000);
insert into DTM_OWNER.CATEGORY (CATEGORY_ID, NAME, PARENT_ID, WEIGHT) values (26, 'Viewers', 17, 1000);
insert into DTM_OWNER.CATEGORY (CATEGORY_ID, NAME, PARENT_ID, WEIGHT) values (27, 'BPMs', 17, 1000);
insert into DTM_OWNER.CATEGORY (CATEGORY_ID, NAME, PARENT_ID, WEIGHT) values (30, 'Current Monitors', 17, 1000);
insert into DTM_OWNER.CATEGORY (CATEGORY_ID, NAME, PARENT_ID, WEIGHT) values (31, 'Trim Supply', 7, 1000);
insert into DTM_OWNER.CATEGORY (CATEGORY_ID, NAME, PARENT_ID, WEIGHT) values (32, 'Box Supply', 7, 1000);
insert into DTM_OWNER.CATEGORY (CATEGORY_ID, NAME, PARENT_ID, WEIGHT) values (33, 'Beamline Vacuum', 10, 1000);
insert into DTM_OWNER.CATEGORY (CATEGORY_ID, NAME, PARENT_ID, WEIGHT) values (34, 'SRF Vacuum', 10, 1000);
insert into DTM_OWNER.CATEGORY (CATEGORY_ID, NAME, PARENT_ID, WEIGHT) values (35, 'Cold RF', 18, 1000);
insert into DTM_OWNER.CATEGORY (CATEGORY_ID, NAME, PARENT_ID, WEIGHT) values (41, 'PSS', 11, 1000);
insert into DTM_OWNER.CATEGORY (CATEGORY_ID, NAME, PARENT_ID, WEIGHT) values (42, 'MPS', 11, 1000);
insert into DTM_OWNER.CATEGORY (CATEGORY_ID, NAME, PARENT_ID, WEIGHT) values (161, 'Gun', 6, 1000);
insert into DTM_OWNER.CATEGORY (CATEGORY_ID, NAME, PARENT_ID, WEIGHT) values (162, 'Laser', 6, 1000);
insert into DTM_OWNER.CATEGORY (CATEGORY_ID, NAME, PARENT_ID, WEIGHT) values (205, 'Global Diagnostics', 17, 1000);
insert into DTM_OWNER.CATEGORY (CATEGORY_ID, NAME, PARENT_ID, WEIGHT) values (241, 'CHL', 4, 1000);
insert into DTM_OWNER.CATEGORY (CATEGORY_ID, NAME, PARENT_ID, WEIGHT) values (242, 'ENDSTATIONS', 4, 1000);
insert into DTM_OWNER.CATEGORY (CATEGORY_ID, NAME, PARENT_ID, WEIGHT) values (262, 'UPS', 15, 1000);
insert into DTM_OWNER.CATEGORY (CATEGORY_ID, NAME, PARENT_ID, WEIGHT) values (263, 'Servers', 15, 1000);
insert into DTM_OWNER.CATEGORY (CATEGORY_ID, NAME, PARENT_ID, WEIGHT) values (264, 'Network', 15, 1000);
insert into DTM_OWNER.CATEGORY (CATEGORY_ID, NAME, PARENT_ID, WEIGHT) values (281, 'Correctors', 31, 1000);
insert into DTM_OWNER.CATEGORY (CATEGORY_ID, NAME, PARENT_ID, WEIGHT) values (283, 'HVAC', 5, 1000);
insert into DTM_OWNER.CATEGORY (CATEGORY_ID, NAME, PARENT_ID, WEIGHT) values (284, 'LCW', 5, 1000);
insert into DTM_OWNER.CATEGORY (CATEGORY_ID, NAME, PARENT_ID, WEIGHT) values (285, 'Control System', 1, 1000);
insert into DTM_OWNER.CATEGORY (CATEGORY_ID, NAME, PARENT_ID, WEIGHT) values (301, 'Nature', 3, 1000);
insert into DTM_OWNER.CATEGORY (CATEGORY_ID, NAME, PARENT_ID, WEIGHT) values (302, 'Unknown/Missing', 3, 1000);
insert into DTM_OWNER.CATEGORY (CATEGORY_ID, NAME, PARENT_ID, WEIGHT) values (321, 'Software', 15, 1000);
insert into DTM_OWNER.CATEGORY (CATEGORY_ID, NAME, PARENT_ID, WEIGHT) values (381, 'Beam Transport', 3, 1);
insert into DTM_OWNER.CATEGORY (CATEGORY_ID, NAME, PARENT_ID, WEIGHT) values (401, 'Hall D', 0, 15);
insert into DTM_OWNER.CATEGORY (CATEGORY_ID, NAME, PARENT_ID, WEIGHT) values (402, 'Hall C', 0, 14);
insert into DTM_OWNER.CATEGORY (CATEGORY_ID, NAME, PARENT_ID, WEIGHT) values (403, 'Hall B', 0, 13);
insert into DTM_OWNER.CATEGORY (CATEGORY_ID, NAME, PARENT_ID, WEIGHT) values (404, 'Hall A', 0, 12);
insert into DTM_OWNER.CATEGORY (CATEGORY_ID, NAME, PARENT_ID, WEIGHT) values (405, 'Hall D Photon Beam', 401, 1000);
insert into DTM_OWNER.CATEGORY (CATEGORY_ID, NAME, PARENT_ID, WEIGHT) values (406, 'Hall D Solenoid', 401, 1000);
insert into DTM_OWNER.CATEGORY (CATEGORY_ID, NAME, PARENT_ID, WEIGHT) values (407, 'Hall D Detectors', 401, 1000);
insert into DTM_OWNER.CATEGORY (CATEGORY_ID, NAME, PARENT_ID, WEIGHT) values (465, 'Hall Downtime', 3, 1000);
insert into DTM_OWNER.CATEGORY (CATEGORY_ID, NAME, PARENT_ID, WEIGHT) values (582, 'Hall D Data Monitoring', 401, 1000);
insert into DTM_OWNER.CATEGORY (CATEGORY_ID, NAME, PARENT_ID, WEIGHT) values (583, 'Hall C Magnets', 402, 1000);
insert into DTM_OWNER.CATEGORY (CATEGORY_ID, NAME, PARENT_ID, WEIGHT) values (603, 'Hall A Magnets', 404, 1000);
insert into DTM_OWNER.CATEGORY (CATEGORY_ID, NAME, PARENT_ID, WEIGHT) values (604, 'Noncredited Controls', 3, 1000);
insert into DTM_OWNER.CATEGORY (CATEGORY_ID, NAME, PARENT_ID, WEIGHT) values (605, 'Level 1 Controls', 604, 1000);
insert into DTM_OWNER.CATEGORY (CATEGORY_ID, NAME, PARENT_ID, WEIGHT) values (606, 'Level 2 Controls', 604, 1000);
insert into DTM_OWNER.CATEGORY (CATEGORY_ID, NAME, PARENT_ID, WEIGHT) values (623, 'Sweep Procedures', 41, 1000);
insert into DTM_OWNER.CATEGORY (CATEGORY_ID, NAME, PARENT_ID, WEIGHT) values (643, 'UITF', 0, 20);
insert into DTM_OWNER.CATEGORY (CATEGORY_ID, NAME, PARENT_ID, WEIGHT) values (653, 'UITF Radiation Control', 643, 100);

-- Populate System
insert into DTM_OWNER.SYSTEM (SYSTEM_ID, NAME, CATEGORY_ID, WEIGHT) values (35, 'Correctors (iron core)', 281, 1000);
insert into DTM_OWNER.SYSTEM (SYSTEM_ID, NAME, CATEGORY_ID, WEIGHT) values (36, 'Quads', 31, 1000);
insert into DTM_OWNER.SYSTEM (SYSTEM_ID, NAME, CATEGORY_ID, WEIGHT) values (37, 'Dipoles', 32, 1000);
insert into DTM_OWNER.SYSTEM (SYSTEM_ID, NAME, CATEGORY_ID, WEIGHT) values (38, 'Synchotron Light Monitors', 26, 1000);
insert into DTM_OWNER.SYSTEM (SYSTEM_ID, NAME, CATEGORY_ID, WEIGHT) values (39, 'OTR', 26, 1000);
insert into DTM_OWNER.SYSTEM (SYSTEM_ID, NAME, CATEGORY_ID, WEIGHT) values (40, 'Standard Viewers (ITV)', 26, 1000);
insert into DTM_OWNER.SYSTEM (SYSTEM_ID, NAME, CATEGORY_ID, WEIGHT) values (41, 'BPM (nanoAmp)', 27, 1000);
insert into DTM_OWNER.SYSTEM (SYSTEM_ID, NAME, CATEGORY_ID, WEIGHT) values (42, 'BPM (SEE)', 27, 1000);
insert into DTM_OWNER.SYSTEM (SYSTEM_ID, NAME, CATEGORY_ID, WEIGHT) values (43, 'BPM (Stripline)', 27, 1000);
insert into DTM_OWNER.SYSTEM (SYSTEM_ID, NAME, CATEGORY_ID, WEIGHT) values (44, 'Harps', 17, 1000);
insert into DTM_OWNER.SYSTEM (SYSTEM_ID, NAME, CATEGORY_ID, WEIGHT) values (45, 'Fast Feedback', 17, 1000);
insert into DTM_OWNER.SYSTEM (SYSTEM_ID, NAME, CATEGORY_ID, WEIGHT) values (46, 'Diagnostic BCMs', 30, 1000);
insert into DTM_OWNER.SYSTEM (SYSTEM_ID, NAME, CATEGORY_ID, WEIGHT) values (47, 'F-Cups', 30, 1000);
insert into DTM_OWNER.SYSTEM (SYSTEM_ID, NAME, CATEGORY_ID, WEIGHT) values (49, 'Beam Valves (VBV)', 33, 1000);
insert into DTM_OWNER.SYSTEM (SYSTEM_ID, NAME, CATEGORY_ID, WEIGHT) values (50, 'Fast Valves (VFV)', 33, 1000);
insert into DTM_OWNER.SYSTEM (SYSTEM_ID, NAME, CATEGORY_ID, WEIGHT) values (51, 'Ion Pumps (VIP)', 33, 1000);
insert into DTM_OWNER.SYSTEM (SYSTEM_ID, NAME, CATEGORY_ID, WEIGHT) values (52, 'Differential Pressure Stations (VDP)', 33, 1000);
insert into DTM_OWNER.SYSTEM (SYSTEM_ID, NAME, CATEGORY_ID, WEIGHT) values (53, 'SRF Insulating Vacuum', 34, 1000);
insert into DTM_OWNER.SYSTEM (SYSTEM_ID, NAME, CATEGORY_ID, WEIGHT) values (54, 'Waveguide SRF', 34, 1000);
insert into DTM_OWNER.SYSTEM (SYSTEM_ID, NAME, CATEGORY_ID, WEIGHT) values (56, 'MPS BLM', 42, 1000);
insert into DTM_OWNER.SYSTEM (SYSTEM_ID, NAME, CATEGORY_ID, WEIGHT) values (57, 'FSD', 42, 1000);
insert into DTM_OWNER.SYSTEM (SYSTEM_ID, NAME, CATEGORY_ID, WEIGHT) values (62, 'Unix Applications (HLA/Beam)', 321, 1000);
insert into DTM_OWNER.SYSTEM (SYSTEM_ID, NAME, CATEGORY_ID, WEIGHT) values (63, 'File Servers', 263, 1000);
insert into DTM_OWNER.SYSTEM (SYSTEM_ID, NAME, CATEGORY_ID, WEIGHT) values (141, 'Cryomodules', 35, 1000);
insert into DTM_OWNER.SYSTEM (SYSTEM_ID, NAME, CATEGORY_ID, WEIGHT) values (142, 'RF Cavities', 35, 1000);
insert into DTM_OWNER.SYSTEM (SYSTEM_ID, NAME, CATEGORY_ID, WEIGHT) values (167, 'Ops Documentation', 8, 1000);
insert into DTM_OWNER.SYSTEM (SYSTEM_ID, NAME, CATEGORY_ID, WEIGHT) values (169, 'Aperture (non-PSS)', 30, 1000);
insert into DTM_OWNER.SYSTEM (SYSTEM_ID, NAME, CATEGORY_ID, WEIGHT) values (170, 'Stationary Dumps', 14, 1000);
insert into DTM_OWNER.SYSTEM (SYSTEM_ID, NAME, CATEGORY_ID, WEIGHT) values (181, 'LCW System', 284, 1000);
insert into DTM_OWNER.SYSTEM (SYSTEM_ID, NAME, CATEGORY_ID, WEIGHT) values (183, 'Air System', 5, 1000);
insert into DTM_OWNER.SYSTEM (SYSTEM_ID, NAME, CATEGORY_ID, WEIGHT) values (186, 'HPA Fans', 283, 1000);
insert into DTM_OWNER.SYSTEM (SYSTEM_ID, NAME, CATEGORY_ID, WEIGHT) values (189, 'Drains/Disposal', 5, 1000);
insert into DTM_OWNER.SYSTEM (SYSTEM_ID, NAME, CATEGORY_ID, WEIGHT) values (190, 'General Ventilation (Exhaust Fans)', 283, 1000);
insert into DTM_OWNER.SYSTEM (SYSTEM_ID, NAME, CATEGORY_ID, WEIGHT) values (191, 'AC Distribution', 5, 1000);
insert into DTM_OWNER.SYSTEM (SYSTEM_ID, NAME, CATEGORY_ID, WEIGHT) values (192, 'Rack Fans', 283, 1000);
insert into DTM_OWNER.SYSTEM (SYSTEM_ID, NAME, CATEGORY_ID, WEIGHT) values (193, 'Site Fire Protection System', 5, 1000);
insert into DTM_OWNER.SYSTEM (SYSTEM_ID, NAME, CATEGORY_ID, WEIGHT) values (197, 'Database Servers', 263, 1000);
insert into DTM_OWNER.SYSTEM (SYSTEM_ID, NAME, CATEGORY_ID, WEIGHT) values (202, 'IOCs', 285, 1000);
insert into DTM_OWNER.SYSTEM (SYSTEM_ID, NAME, CATEGORY_ID, WEIGHT) values (221, 'Survey Equipment', 9, 1000);
insert into DTM_OWNER.SYSTEM (SYSTEM_ID, NAME, CATEGORY_ID, WEIGHT) values (222, 'Postings', 9, 1000);
insert into DTM_OWNER.SYSTEM (SYSTEM_ID, NAME, CATEGORY_ID, WEIGHT) values (223, 'Shielding Configuration', 9, 1000);
insert into DTM_OWNER.SYSTEM (SYSTEM_ID, NAME, CATEGORY_ID, WEIGHT) values (224, 'Penetrations', 9, 1000);
insert into DTM_OWNER.SYSTEM (SYSTEM_ID, NAME, CATEGORY_ID, WEIGHT) values (225, 'Radcon Checklists', 9, 1000);
insert into DTM_OWNER.SYSTEM (SYSTEM_ID, NAME, CATEGORY_ID, WEIGHT) values (227, '30Hz Modulation System', 205, 1000);
insert into DTM_OWNER.SYSTEM (SYSTEM_ID, NAME, CATEGORY_ID, WEIGHT) values (228, 'Beam Sync System', 205, 1000);
insert into DTM_OWNER.SYSTEM (SYSTEM_ID, NAME, CATEGORY_ID, WEIGHT) values (241, 'Radiation Monitors (PSS Interlocked)', 9, 1000);
insert into DTM_OWNER.SYSTEM (SYSTEM_ID, NAME, CATEGORY_ID, WEIGHT) values (276, 'Solenoid', 31, 1000);
insert into DTM_OWNER.SYSTEM (SYSTEM_ID, NAME, CATEGORY_ID, WEIGHT) values (277, 'Box Power Supplies', 32, 1000);
insert into DTM_OWNER.SYSTEM (SYSTEM_ID, NAME, CATEGORY_ID, WEIGHT) values (278, 'LCW Valves', 7, 1000);
insert into DTM_OWNER.SYSTEM (SYSTEM_ID, NAME, CATEGORY_ID, WEIGHT) values (281, 'Wien', 31, 1000);
insert into DTM_OWNER.SYSTEM (SYSTEM_ID, NAME, CATEGORY_ID, WEIGHT) values (283, 'Warm RF', 18, 1000);
insert into DTM_OWNER.SYSTEM (SYSTEM_ID, NAME, CATEGORY_ID, WEIGHT) values (284, 'MO System', 18, 1000);
insert into DTM_OWNER.SYSTEM (SYSTEM_ID, NAME, CATEGORY_ID, WEIGHT) values (285, 'BPM (4Channel)', 27, 1000);
insert into DTM_OWNER.SYSTEM (SYSTEM_ID, NAME, CATEGORY_ID, WEIGHT) values (296, 'Access Controls', 41, 1000);
insert into DTM_OWNER.SYSTEM (SYSTEM_ID, NAME, CATEGORY_ID, WEIGHT) values (297, 'PSS/MPS Kicker', 41, 1000);
insert into DTM_OWNER.SYSTEM (SYSTEM_ID, NAME, CATEGORY_ID, WEIGHT) values (298, 'Aperture (PSS)', 30, 1000);
insert into DTM_OWNER.SYSTEM (SYSTEM_ID, NAME, CATEGORY_ID, WEIGHT) values (299, '500keV Spectrometer Interlock', 41, 1000);
insert into DTM_OWNER.SYSTEM (SYSTEM_ID, NAME, CATEGORY_ID, WEIGHT) values (300, 'iFix Operator Screens', 41, 1000);
insert into DTM_OWNER.SYSTEM (SYSTEM_ID, NAME, CATEGORY_ID, WEIGHT) values (301, 'PSS BCMs', 41, 1000);
insert into DTM_OWNER.SYSTEM (SYSTEM_ID, NAME, CATEGORY_ID, WEIGHT) values (316, 'Ion Pumps - SRF (VIP)', 34, 1000);
insert into DTM_OWNER.SYSTEM (SYSTEM_ID, NAME, CATEGORY_ID, WEIGHT) values (319, 'CHL1', 241, 1000);
insert into DTM_OWNER.SYSTEM (SYSTEM_ID, NAME, CATEGORY_ID, WEIGHT) values (320, 'CHL2', 241, 1000);
insert into DTM_OWNER.SYSTEM (SYSTEM_ID, NAME, CATEGORY_ID, WEIGHT) values (321, 'ESR (Hall A,B,C)', 242, 1000);
insert into DTM_OWNER.SYSTEM (SYSTEM_ID, NAME, CATEGORY_ID, WEIGHT) values (323, 'Insertable Dumplettes', 14, 1000);
insert into DTM_OWNER.SYSTEM (SYSTEM_ID, NAME, CATEGORY_ID, WEIGHT) values (324, 'Thermocouple Gauges (VTC)', 33, 1000);
insert into DTM_OWNER.SYSTEM (SYSTEM_ID, NAME, CATEGORY_ID, WEIGHT) values (325, 'SRF Beamline Vacuum', 34, 1000);
insert into DTM_OWNER.SYSTEM (SYSTEM_ID, NAME, CATEGORY_ID, WEIGHT) values (326, 'RF Separators', 18, 1000);
insert into DTM_OWNER.SYSTEM (SYSTEM_ID, NAME, CATEGORY_ID, WEIGHT) values (338, 'MCC UPS', 262, 1000);
insert into DTM_OWNER.SYSTEM (SYSTEM_ID, NAME, CATEGORY_ID, WEIGHT) values (339, 'Service Bldg. UPS', 262, 1000);
insert into DTM_OWNER.SYSTEM (SYSTEM_ID, NAME, CATEGORY_ID, WEIGHT) values (340, 'Gateways', 15, 1000);
insert into DTM_OWNER.SYSTEM (SYSTEM_ID, NAME, CATEGORY_ID, WEIGHT) values (341, 'Archive Servers', 263, 1000);
insert into DTM_OWNER.SYSTEM (SYSTEM_ID, NAME, CATEGORY_ID, WEIGHT) values (342, 'VSphere Servers', 263, 1000);
insert into DTM_OWNER.SYSTEM (SYSTEM_ID, NAME, CATEGORY_ID, WEIGHT) values (343, 'Auth Servers', 263, 1000);
insert into DTM_OWNER.SYSTEM (SYSTEM_ID, NAME, CATEGORY_ID, WEIGHT) values (356, 'Network Hardware', 264, 1000);
insert into DTM_OWNER.SYSTEM (SYSTEM_ID, NAME, CATEGORY_ID, WEIGHT) values (357, 'Beam Stoppers', 41, 1000);
insert into DTM_OWNER.SYSTEM (SYSTEM_ID, NAME, CATEGORY_ID, WEIGHT) values (376, 'Shunts', 32, 1000);
insert into DTM_OWNER.SYSTEM (SYSTEM_ID, NAME, CATEGORY_ID, WEIGHT) values (396, 'Correctors (air core)', 281, 1000);
insert into DTM_OWNER.SYSTEM (SYSTEM_ID, NAME, CATEGORY_ID, WEIGHT) values (397, 'Correctors (LCW)', 281, 1000);
insert into DTM_OWNER.SYSTEM (SYSTEM_ID, NAME, CATEGORY_ID, WEIGHT) values (417, 'Air Conditioning (General Space Cooling)', 283, 1000);
insert into DTM_OWNER.SYSTEM (SYSTEM_ID, NAME, CATEGORY_ID, WEIGHT) values (418, 'Dehumidification System', 283, 1000);
insert into DTM_OWNER.SYSTEM (SYSTEM_ID, NAME, CATEGORY_ID, WEIGHT) values (419, 'CAMAC Crates', 285, 1000);
insert into DTM_OWNER.SYSTEM (SYSTEM_ID, NAME, CATEGORY_ID, WEIGHT) values (420, 'IOC Reboot Switches', 285, 1000);
insert into DTM_OWNER.SYSTEM (SYSTEM_ID, NAME, CATEGORY_ID, WEIGHT) values (421, 'Temperature Readback IOCs', 285, 1000);
insert into DTM_OWNER.SYSTEM (SYSTEM_ID, NAME, CATEGORY_ID, WEIGHT) values (422, 'Cooling Towers', 283, 1000);
insert into DTM_OWNER.SYSTEM (SYSTEM_ID, NAME, CATEGORY_ID, WEIGHT) values (423, 'Chiller Systems', 283, 1000);
insert into DTM_OWNER.SYSTEM (SYSTEM_ID, NAME, CATEGORY_ID, WEIGHT) values (424, 'Magnet Shed HVAC', 283, 1000);
insert into DTM_OWNER.SYSTEM (SYSTEM_ID, NAME, CATEGORY_ID, WEIGHT) values (425, 'Injector Tunnel Space Cooling', 283, 1000);
insert into DTM_OWNER.SYSTEM (SYSTEM_ID, NAME, CATEGORY_ID, WEIGHT) values (426, 'Injector Polarized Gun Cleanroom', 283, 1000);
insert into DTM_OWNER.SYSTEM (SYSTEM_ID, NAME, CATEGORY_ID, WEIGHT) values (427, 'Accelerator Chilled Water Loop', 283, 1000);
insert into DTM_OWNER.SYSTEM (SYSTEM_ID, NAME, CATEGORY_ID, WEIGHT) values (456, 'Hall C Moeller Solenoid', 31, 1000);
insert into DTM_OWNER.SYSTEM (SYSTEM_ID, NAME, CATEGORY_ID, WEIGHT) values (457, '30Hz Sync System', 205, 1000);
insert into DTM_OWNER.SYSTEM (SYSTEM_ID, NAME, CATEGORY_ID, WEIGHT) values (476, 'BLA', 42, 1000);
insert into DTM_OWNER.SYSTEM (SYSTEM_ID, NAME, CATEGORY_ID, WEIGHT) values (496, 'EarthFieldCoil', 31, 1000);
insert into DTM_OWNER.SYSTEM (SYSTEM_ID, NAME, CATEGORY_ID, WEIGHT) values (497, 'Radiation Monitors (Non-PSS Interlocked)', 9, 1000);
insert into DTM_OWNER.SYSTEM (SYSTEM_ID, NAME, CATEGORY_ID, WEIGHT) values (498, 'Aperture (Chopping)', 30, 1000);
insert into DTM_OWNER.SYSTEM (SYSTEM_ID, NAME, CATEGORY_ID, WEIGHT) values (499, 'Gun HV', 161, 1000);
insert into DTM_OWNER.SYSTEM (SYSTEM_ID, NAME, CATEGORY_ID, WEIGHT) values (500, 'Gun Photocathode', 161, 1000);
insert into DTM_OWNER.SYSTEM (SYSTEM_ID, NAME, CATEGORY_ID, WEIGHT) values (501, 'Laser RF', 162, 1000);
insert into DTM_OWNER.SYSTEM (SYSTEM_ID, NAME, CATEGORY_ID, WEIGHT) values (502, 'Laser Table', 162, 1000);
insert into DTM_OWNER.SYSTEM (SYSTEM_ID, NAME, CATEGORY_ID, WEIGHT) values (516, 'Dipoles (Trim Powered)', 31, 1000);
insert into DTM_OWNER.SYSTEM (SYSTEM_ID, NAME, CATEGORY_ID, WEIGHT) values (536, 'Weather', 301, 1000);
insert into DTM_OWNER.SYSTEM (SYSTEM_ID, NAME, CATEGORY_ID, WEIGHT) values (538, 'Unknown/Missing', 302, 1000);
insert into DTM_OWNER.SYSTEM (SYSTEM_ID, NAME, CATEGORY_ID, WEIGHT) values (539, 'QE Scan', 161, 1000);
insert into DTM_OWNER.SYSTEM (SYSTEM_ID, NAME, CATEGORY_ID, WEIGHT) values (556, 'IOC (Low Level) Applications', 321, 1000);
insert into DTM_OWNER.SYSTEM (SYSTEM_ID, NAME, CATEGORY_ID, WEIGHT) values (558, 'Unix Applications (OPS/Util)', 321, 1000);
insert into DTM_OWNER.SYSTEM (SYSTEM_ID, NAME, CATEGORY_ID, WEIGHT) values (576, 'EDM Screens', 321, 1000);
insert into DTM_OWNER.SYSTEM (SYSTEM_ID, NAME, CATEGORY_ID, WEIGHT) values (616, 'Beam Transport', 381, 1000);
insert into DTM_OWNER.SYSTEM (SYSTEM_ID, NAME, CATEGORY_ID, WEIGHT) values (637, 'Hall D Solenoid Pre-cooldown', 406, 1000);
insert into DTM_OWNER.SYSTEM (SYSTEM_ID, NAME, CATEGORY_ID, WEIGHT) values (638, 'Hall D Solenoid Refrigerator', 406, 1000);
insert into DTM_OWNER.SYSTEM (SYSTEM_ID, NAME, CATEGORY_ID, WEIGHT) values (639, 'Hall D Solenoid Cooldown', 406, 1000);
insert into DTM_OWNER.SYSTEM (SYSTEM_ID, NAME, CATEGORY_ID, WEIGHT) values (640, 'Hall D Solenoid Operations', 406, 1000);
insert into DTM_OWNER.SYSTEM (SYSTEM_ID, NAME, CATEGORY_ID, WEIGHT) values (641, 'Hall D Central Drift Chambers', 407, 1000);
insert into DTM_OWNER.SYSTEM (SYSTEM_ID, NAME, CATEGORY_ID, WEIGHT) values (642, 'Hall D Gas System', 407, 1000);
insert into DTM_OWNER.SYSTEM (SYSTEM_ID, NAME, CATEGORY_ID, WEIGHT) values (643, 'Hall D Forward Drift Chambers', 407, 1000);
insert into DTM_OWNER.SYSTEM (SYSTEM_ID, NAME, CATEGORY_ID, WEIGHT) values (644, 'Hall D Forward Calorimeter', 407, 1000);
insert into DTM_OWNER.SYSTEM (SYSTEM_ID, NAME, CATEGORY_ID, WEIGHT) values (645, 'Hall D Barrel Calorimeter', 407, 1000);
insert into DTM_OWNER.SYSTEM (SYSTEM_ID, NAME, CATEGORY_ID, WEIGHT) values (646, 'Hall D Time-of-Flight', 407, 1000);
insert into DTM_OWNER.SYSTEM (SYSTEM_ID, NAME, CATEGORY_ID, WEIGHT) values (647, 'Hall D Start Counter', 407, 1000);
insert into DTM_OWNER.SYSTEM (SYSTEM_ID, NAME, CATEGORY_ID, WEIGHT) values (648, 'Hall D Cryogenic Target', 405, 1000);
insert into DTM_OWNER.SYSTEM (SYSTEM_ID, NAME, CATEGORY_ID, WEIGHT) values (649, 'Hall D Total Absorption Counter', 405, 1000);
insert into DTM_OWNER.SYSTEM (SYSTEM_ID, NAME, CATEGORY_ID, WEIGHT) values (650, 'Hall D Pair Spectrometer', 405, 1000);
insert into DTM_OWNER.SYSTEM (SYSTEM_ID, NAME, CATEGORY_ID, WEIGHT) values (651, 'Hall D Photon Beamline', 405, 1000);
insert into DTM_OWNER.SYSTEM (SYSTEM_ID, NAME, CATEGORY_ID, WEIGHT) values (653, 'Hall D Radiators', 405, 1000);
insert into DTM_OWNER.SYSTEM (SYSTEM_ID, NAME, CATEGORY_ID, WEIGHT) values (654, 'Hall D Tagging Hodoscope', 405, 1000);
insert into DTM_OWNER.SYSTEM (SYSTEM_ID, NAME, CATEGORY_ID, WEIGHT) values (655, 'Hall D Beam Monitors', 405, 1000);
insert into DTM_OWNER.SYSTEM (SYSTEM_ID, NAME, CATEGORY_ID, WEIGHT) values (656, 'Hall D Tagger Magnet', 405, 1000);
insert into DTM_OWNER.SYSTEM (SYSTEM_ID, NAME, CATEGORY_ID, WEIGHT) values (657, 'Hall D Tagging Microscope', 405, 1000);
insert into DTM_OWNER.SYSTEM (SYSTEM_ID, NAME, CATEGORY_ID, WEIGHT) values (676, 'Hall D Solid Target', 405, 1000);
insert into DTM_OWNER.SYSTEM (SYSTEM_ID, NAME, CATEGORY_ID, WEIGHT) values (697, 'Hall D Vacuum', 405, 1000);
insert into DTM_OWNER.SYSTEM (SYSTEM_ID, NAME, CATEGORY_ID, WEIGHT) values (716, 'Trim Racks', 31, 1000);
insert into DTM_OWNER.SYSTEM (SYSTEM_ID, NAME, CATEGORY_ID, WEIGHT) values (756, 'SRCCPS', 31, 1000);
insert into DTM_OWNER.SYSTEM (SYSTEM_ID, NAME, CATEGORY_ID, WEIGHT) values (757, 'ODH', 41, 1000);
insert into DTM_OWNER.SYSTEM (SYSTEM_ID, NAME, CATEGORY_ID, WEIGHT) values (758, 'BPM (Cavity)', 27, 1000);
insert into DTM_OWNER.SYSTEM (SYSTEM_ID, NAME, CATEGORY_ID, WEIGHT) values (759, 'Moeller Quads', 32, 1000);
insert into DTM_OWNER.SYSTEM (SYSTEM_ID, NAME, CATEGORY_ID, WEIGHT) values (776, 'Hall C Compton Dipoles', 32, 1000);
insert into DTM_OWNER.SYSTEM (SYSTEM_ID, NAME, CATEGORY_ID, WEIGHT) values (816, 'Rasters', 31, 1000);
insert into DTM_OWNER.SYSTEM (SYSTEM_ID, NAME, CATEGORY_ID, WEIGHT) values (826, 'Hall C Acceptance', 402, 1000);
insert into DTM_OWNER.SYSTEM (SYSTEM_ID, NAME, CATEGORY_ID, WEIGHT) values (828, 'Hall Downtime', 465, 1000);
insert into DTM_OWNER.SYSTEM (SYSTEM_ID, NAME, CATEGORY_ID, WEIGHT) values (840, 'Pirani Gauges (VPG)', 33, 1000);
insert into DTM_OWNER.SYSTEM (SYSTEM_ID, NAME, CATEGORY_ID, WEIGHT) values (841, 'Cathode Gauges (VCG)', 33, 1000);
insert into DTM_OWNER.SYSTEM (SYSTEM_ID, NAME, CATEGORY_ID, WEIGHT) values (876, 'Gun Comparator', 161, 1000);
insert into DTM_OWNER.SYSTEM (SYSTEM_ID, NAME, CATEGORY_ID, WEIGHT) values (877, 'Ion Chambers', 42, 1000);
insert into DTM_OWNER.SYSTEM (SYSTEM_ID, NAME, CATEGORY_ID, WEIGHT) values (918, 'Helicity Coils', 31, 1000);
insert into DTM_OWNER.SYSTEM (SYSTEM_ID, NAME, CATEGORY_ID, WEIGHT) values (1036, 'Thin Septa', 32, 1000);
insert into DTM_OWNER.SYSTEM (SYSTEM_ID, NAME, CATEGORY_ID, WEIGHT) values (1056, 'Turbo Pumps', 33, 1000);
insert into DTM_OWNER.SYSTEM (SYSTEM_ID, NAME, CATEGORY_ID, WEIGHT) values (1076, 'Hall D Polarimeter', 405, 1000);
insert into DTM_OWNER.SYSTEM (SYSTEM_ID, NAME, CATEGORY_ID, WEIGHT) values (1096, 'Operations Personnel', 8, 1000);
insert into DTM_OWNER.SYSTEM (SYSTEM_ID, NAME, CATEGORY_ID, WEIGHT) values (1097, 'Beamline Vacuum Instrumentation', 33, 1000);
insert into DTM_OWNER.SYSTEM (SYSTEM_ID, NAME, CATEGORY_ID, WEIGHT) values (1098, 'SRF Vacuum Instrumentation', 34, 1000);
insert into DTM_OWNER.SYSTEM (SYSTEM_ID, NAME, CATEGORY_ID, WEIGHT) values (1099, 'FSD Watchdogs', 42, 1000);
insert into DTM_OWNER.SYSTEM (SYSTEM_ID, NAME, CATEGORY_ID, WEIGHT) values (1100, 'BLMHVMainFrame', 42, 1000);
insert into DTM_OWNER.SYSTEM (SYSTEM_ID, NAME, CATEGORY_ID, WEIGHT) values (1116, 'Beam Transport Monitors', 41, 1000);
insert into DTM_OWNER.SYSTEM (SYSTEM_ID, NAME, CATEGORY_ID, WEIGHT) values (1156, 'MOMod', 17, 1000);
insert into DTM_OWNER.SYSTEM (SYSTEM_ID, NAME, CATEGORY_ID, WEIGHT) values (1198, 'Hall C Targets', 402, 1000);
insert into DTM_OWNER.SYSTEM (SYSTEM_ID, NAME, CATEGORY_ID, WEIGHT) values (1199, 'Hall C Detectors', 402, 1000);
insert into DTM_OWNER.SYSTEM (SYSTEM_ID, NAME, CATEGORY_ID, WEIGHT) values (1200, 'Hall C Beam Transport Monitors', 402, 1000);
insert into DTM_OWNER.SYSTEM (SYSTEM_ID, NAME, CATEGORY_ID, WEIGHT) values (1236, 'Hall D Compton Calorimeter', 407, 1000);
insert into DTM_OWNER.SYSTEM (SYSTEM_ID, NAME, CATEGORY_ID, WEIGHT) values (1276, 'Diagnostic BLM', 17, 1000);
insert into DTM_OWNER.SYSTEM (SYSTEM_ID, NAME, CATEGORY_ID, WEIGHT) values (1283, 'Hall A Compton Dipoles', 32, 1000);
insert into DTM_OWNER.SYSTEM (SYSTEM_ID, NAME, CATEGORY_ID, WEIGHT) values (1289, 'Hall D RF system', 405, 1000);
insert into DTM_OWNER.SYSTEM (SYSTEM_ID, NAME, CATEGORY_ID, WEIGHT) values (1298, 'Hall D Pair Dipole', 405, 1000);
insert into DTM_OWNER.SYSTEM (SYSTEM_ID, NAME, CATEGORY_ID, WEIGHT) values (1317, 'Hall D DIRC ', 407, 1000);
insert into DTM_OWNER.SYSTEM (SYSTEM_ID, NAME, CATEGORY_ID, WEIGHT) values (1319, 'LINACS', 4, 1000);
insert into DTM_OWNER.SYSTEM (SYSTEM_ID, NAME, CATEGORY_ID, WEIGHT) values (1322, 'Hall D Online', 582, 1000);
insert into DTM_OWNER.SYSTEM (SYSTEM_ID, NAME, CATEGORY_ID, WEIGHT) values (1323, 'Hall D Offline', 582, 1000);
insert into DTM_OWNER.SYSTEM (SYSTEM_ID, NAME, CATEGORY_ID, WEIGHT) values (1325, 'Hall C Rasters', 583, 1000);
insert into DTM_OWNER.SYSTEM (SYSTEM_ID, NAME, CATEGORY_ID, WEIGHT) values (1327, 'Cryo LERF', 4, 1000);
insert into DTM_OWNER.SYSTEM (SYSTEM_ID, NAME, CATEGORY_ID, WEIGHT) values (1329, 'Injector Valves', 33, 1000);
insert into DTM_OWNER.SYSTEM (SYSTEM_ID, NAME, CATEGORY_ID, WEIGHT) values (1332, 'Hall D Pair Converter', 405, 1000);
insert into DTM_OWNER.SYSTEM (SYSTEM_ID, NAME, CATEGORY_ID, WEIGHT) values (1333, 'Rf4Laser', 161, 1000);
insert into DTM_OWNER.SYSTEM (SYSTEM_ID, NAME, CATEGORY_ID, WEIGHT) values (1337, 'Hall A Rasters', 603, 1000);
insert into DTM_OWNER.SYSTEM (SYSTEM_ID, NAME, CATEGORY_ID, WEIGHT) values (1338, 'Air Exchange Scrubber Interlock', 605, 1000);
insert into DTM_OWNER.SYSTEM (SYSTEM_ID, NAME, CATEGORY_ID, WEIGHT) values (1339, 'Fume Hood Alerts', 605, 1000);
insert into DTM_OWNER.SYSTEM (SYSTEM_ID, NAME, CATEGORY_ID, WEIGHT) values (1340, 'Gas Flow Limiting Orifice', 605, 1000);
insert into DTM_OWNER.SYSTEM (SYSTEM_ID, NAME, CATEGORY_ID, WEIGHT) values (1341, 'Nitrogen Valve', 605, 1000);
insert into DTM_OWNER.SYSTEM (SYSTEM_ID, NAME, CATEGORY_ID, WEIGHT) values (1342, 'Noncredited PSS', 605, 1000);
insert into DTM_OWNER.SYSTEM (SYSTEM_ID, NAME, CATEGORY_ID, WEIGHT) values (1343, 'Refrigerant Alarms', 605, 1000);
insert into DTM_OWNER.SYSTEM (SYSTEM_ID, NAME, CATEGORY_ID, WEIGHT) values (1345, 'Solvent Exhaust Hood Gauge', 605, 1000);
insert into DTM_OWNER.SYSTEM (SYSTEM_ID, NAME, CATEGORY_ID, WEIGHT) values (1346, 'Noncredited ODH', 605, 1000);
insert into DTM_OWNER.SYSTEM (SYSTEM_ID, NAME, CATEGORY_ID, WEIGHT) values (1347, 'Air Make-up Fans', 606, 1000);
insert into DTM_OWNER.SYSTEM (SYSTEM_ID, NAME, CATEGORY_ID, WEIGHT) values (1348, 'CARM', 606, 1000);
insert into DTM_OWNER.SYSTEM (SYSTEM_ID, NAME, CATEGORY_ID, WEIGHT) values (1349, 'Grounding Sticks', 606, 1000);
insert into DTM_OWNER.SYSTEM (SYSTEM_ID, NAME, CATEGORY_ID, WEIGHT) values (1350, 'H2 Monitoring', 606, 1000);
insert into DTM_OWNER.SYSTEM (SYSTEM_ID, NAME, CATEGORY_ID, WEIGHT) values (1351, 'Hydrogen Sensors', 606, 1000);
insert into DTM_OWNER.SYSTEM (SYSTEM_ID, NAME, CATEGORY_ID, WEIGHT) values (1352, 'Radiation Boundary Monitors', 606, 1000);
insert into DTM_OWNER.SYSTEM (SYSTEM_ID, NAME, CATEGORY_ID, WEIGHT) values (1353, 'Sensors and Containment', 606, 1000);
insert into DTM_OWNER.SYSTEM (SYSTEM_ID, NAME, CATEGORY_ID, WEIGHT) values (1354, 'Smoke Removal Fans and Door Roll Up', 606, 1000);
insert into DTM_OWNER.SYSTEM (SYSTEM_ID, NAME, CATEGORY_ID, WEIGHT) values (1355, 'Vacuum Furnace Interlocks', 606, 1000);
insert into DTM_OWNER.SYSTEM (SYSTEM_ID, NAME, CATEGORY_ID, WEIGHT) values (1365, 'Ion Chambers (Diag)', 17, 1000);
insert into DTM_OWNER.SYSTEM (SYSTEM_ID, NAME, CATEGORY_ID, WEIGHT) values (1407, 'Sweep Procedures', 623, 1000);
insert into DTM_OWNER.SYSTEM (SYSTEM_ID, NAME, CATEGORY_ID, WEIGHT) values (1425, 'Hall D Sweep Procedures', 623, 1000);
insert into DTM_OWNER.SYSTEM (SYSTEM_ID, NAME, CATEGORY_ID, WEIGHT) values (1426, 'Hall A Sweep Procedures', 623, 1000);
insert into DTM_OWNER.SYSTEM (SYSTEM_ID, NAME, CATEGORY_ID, WEIGHT) values (1427, 'Hall C Sweep Procedures', 623, 1000);
insert into DTM_OWNER.SYSTEM (SYSTEM_ID, NAME, CATEGORY_ID, WEIGHT) values (1566, 'Hall D GEM/TRD', 407, 1000);
insert into DTM_OWNER.SYSTEM (SYSTEM_ID, NAME, CATEGORY_ID, WEIGHT) values (1645, 'UITF Penetrations', 653, 1000);
insert into DTM_OWNER.SYSTEM (SYSTEM_ID, NAME, CATEGORY_ID, WEIGHT) values (1646, 'UITF Postings', 653, 1000);
insert into DTM_OWNER.SYSTEM (SYSTEM_ID, NAME, CATEGORY_ID, WEIGHT) values (1647, 'UITF Radiation Monitors', 653, 1000);
insert into DTM_OWNER.SYSTEM (SYSTEM_ID, NAME, CATEGORY_ID, WEIGHT) values (1648, 'UITF Shielding Configuration', 653, 1000);
insert into DTM_OWNER.SYSTEM (SYSTEM_ID, NAME, CATEGORY_ID, WEIGHT) values (1649, 'UITF Radcon Checklists', 653, 1000);
insert into DTM_OWNER.SYSTEM (SYSTEM_ID, NAME, CATEGORY_ID, WEIGHT) values (1705, 'UHV Getter Pumps (VGP)', 33, 1000);
insert into DTM_OWNER.SYSTEM (SYSTEM_ID, NAME, CATEGORY_ID, WEIGHT) values (1745, 'Hall A Spectrometer', 603, 1000);
insert into DTM_OWNER.SYSTEM (SYSTEM_ID, NAME, CATEGORY_ID, WEIGHT) values (1765, 'Hall D Forward MWPC/CTOF', 407, 1000);
insert into DTM_OWNER.SYSTEM (SYSTEM_ID, NAME, CATEGORY_ID, WEIGHT) values (1785, 'Hall C Diagnostic BCMs', 402, 1000);
insert into DTM_OWNER.SYSTEM (SYSTEM_ID, NAME, CATEGORY_ID, WEIGHT) values (1786, 'Hall B Safety', 403, 1000);

-- Populate Component
insert into DTM_OWNER.COMPONENT (COMPONENT_ID, NAME, SYSTEM_ID, DATA_SOURCE, DATA_SOURCE_ID, REGION_ID, WEIGHT, MASKED, MASKED_COMMENT, MASKED_DATE, MASKED_BY, ADDED_DATE, UNPOWERED_YN, MASK_EXPIRATION_DATE, MASK_TYPE_ID, NAME_ALIAS) values (1416, 'IHA1A21', 44, 'CED', 18492, 4, null, 'N', null, null, null, TIMESTAMP '2014-09-29 15:14:02', 'N', null, null, null);
insert into DTM_OWNER.COMPONENT (COMPONENT_ID, NAME, SYSTEM_ID, DATA_SOURCE, DATA_SOURCE_ID, REGION_ID, WEIGHT, MASKED, MASKED_COMMENT, MASKED_DATE, MASKED_BY, ADDED_DATE, UNPOWERED_YN, MASK_EXPIRATION_DATE, MASK_TYPE_ID, NAME_ALIAS) values (2763, '0L03', 141, 'CED', 13423, 1, 1000, 'N', null, null, null, TIMESTAMP '2014-09-29 15:14:02', 'N', null, null, null);
insert into DTM_OWNER.COMPONENT (COMPONENT_ID, NAME, SYSTEM_ID, DATA_SOURCE, DATA_SOURCE_ID, REGION_ID, WEIGHT, MASKED, MASKED_COMMENT, MASKED_DATE, MASKED_BY, ADDED_DATE, UNPOWERED_YN, MASK_EXPIRATION_DATE, MASK_TYPE_ID, NAME_ALIAS) values (2764, '0L04', 141, 'CED', 13432, 1, 1000, 'N', null, null, null, TIMESTAMP '2014-09-29 15:14:02', 'N', null, null, null);
insert into DTM_OWNER.COMPONENT (COMPONENT_ID, NAME, SYSTEM_ID, DATA_SOURCE, DATA_SOURCE_ID, REGION_ID, WEIGHT, MASKED, MASKED_COMMENT, MASKED_DATE, MASKED_BY, ADDED_DATE, UNPOWERED_YN, MASK_EXPIRATION_DATE, MASK_TYPE_ID, NAME_ALIAS) values (2765, '1L02', 141, 'CED', 13441, 2, 1000, 'N', null, null, null, TIMESTAMP '2014-09-29 15:14:02', 'N', null, null, null);
insert into DTM_OWNER.COMPONENT (COMPONENT_ID, NAME, SYSTEM_ID, DATA_SOURCE, DATA_SOURCE_ID, REGION_ID, WEIGHT, MASKED, MASKED_COMMENT, MASKED_DATE, MASKED_BY, ADDED_DATE, UNPOWERED_YN, MASK_EXPIRATION_DATE, MASK_TYPE_ID, NAME_ALIAS) values (2766, '1L03', 141, 'CED', 13450, 2, 1000, 'N', null, null, null, TIMESTAMP '2014-09-29 15:14:02', 'N', null, null, null);
insert into DTM_OWNER.COMPONENT (COMPONENT_ID, NAME, SYSTEM_ID, DATA_SOURCE, DATA_SOURCE_ID, REGION_ID, WEIGHT, MASKED, MASKED_COMMENT, MASKED_DATE, MASKED_BY, ADDED_DATE, UNPOWERED_YN, MASK_EXPIRATION_DATE, MASK_TYPE_ID, NAME_ALIAS) values (2767, '1L04', 141, 'CED', 13459, 2, 1000, 'N', null, null, null, TIMESTAMP '2014-09-29 15:14:02', 'N', null, null, null);
insert into DTM_OWNER.COMPONENT (COMPONENT_ID, NAME, SYSTEM_ID, DATA_SOURCE, DATA_SOURCE_ID, REGION_ID, WEIGHT, MASKED, MASKED_COMMENT, MASKED_DATE, MASKED_BY, ADDED_DATE, UNPOWERED_YN, MASK_EXPIRATION_DATE, MASK_TYPE_ID, NAME_ALIAS) values (2768, '1L05', 141, 'CED', 13468, 2, 1000, 'N', null, null, null, TIMESTAMP '2014-09-29 15:14:02', 'N', null, 150, null);
insert into DTM_OWNER.COMPONENT (COMPONENT_ID, NAME, SYSTEM_ID, DATA_SOURCE, DATA_SOURCE_ID, REGION_ID, WEIGHT, MASKED, MASKED_COMMENT, MASKED_DATE, MASKED_BY, ADDED_DATE, UNPOWERED_YN, MASK_EXPIRATION_DATE, MASK_TYPE_ID, NAME_ALIAS) values (2769, '1L06', 141, 'CED', 13477, 2, 1000, 'N', null, null, null, TIMESTAMP '2014-09-29 15:14:02', 'N', null, null, null);
insert into DTM_OWNER.COMPONENT (COMPONENT_ID, NAME, SYSTEM_ID, DATA_SOURCE, DATA_SOURCE_ID, REGION_ID, WEIGHT, MASKED, MASKED_COMMENT, MASKED_DATE, MASKED_BY, ADDED_DATE, UNPOWERED_YN, MASK_EXPIRATION_DATE, MASK_TYPE_ID, NAME_ALIAS) values (2770, '1L07', 141, 'CED', 13486, 2, 1000, 'N', null, null, null, TIMESTAMP '2014-09-29 15:14:02', 'N', null, 150, null);
insert into DTM_OWNER.COMPONENT (COMPONENT_ID, NAME, SYSTEM_ID, DATA_SOURCE, DATA_SOURCE_ID, REGION_ID, WEIGHT, MASKED, MASKED_COMMENT, MASKED_DATE, MASKED_BY, ADDED_DATE, UNPOWERED_YN, MASK_EXPIRATION_DATE, MASK_TYPE_ID, NAME_ALIAS) values (2771, '1L08', 141, 'CED', 13495, 2, 1000, 'N', null, null, null, TIMESTAMP '2014-09-29 15:14:02', 'N', null, null, null);
insert into DTM_OWNER.COMPONENT (COMPONENT_ID, NAME, SYSTEM_ID, DATA_SOURCE, DATA_SOURCE_ID, REGION_ID, WEIGHT, MASKED, MASKED_COMMENT, MASKED_DATE, MASKED_BY, ADDED_DATE, UNPOWERED_YN, MASK_EXPIRATION_DATE, MASK_TYPE_ID, NAME_ALIAS) values (2772, '1L09', 141, 'CED', 13504, 2, 1000, 'N', null, null, null, TIMESTAMP '2014-09-29 15:14:02', 'N', null, null, null);
insert into DTM_OWNER.COMPONENT (COMPONENT_ID, NAME, SYSTEM_ID, DATA_SOURCE, DATA_SOURCE_ID, REGION_ID, WEIGHT, MASKED, MASKED_COMMENT, MASKED_DATE, MASKED_BY, ADDED_DATE, UNPOWERED_YN, MASK_EXPIRATION_DATE, MASK_TYPE_ID, NAME_ALIAS) values (2773, '1L10', 141, 'CED', 13513, 2, 1000, 'N', null, null, null, TIMESTAMP '2014-09-29 15:14:02', 'N', null, null, null);
insert into DTM_OWNER.COMPONENT (COMPONENT_ID, NAME, SYSTEM_ID, DATA_SOURCE, DATA_SOURCE_ID, REGION_ID, WEIGHT, MASKED, MASKED_COMMENT, MASKED_DATE, MASKED_BY, ADDED_DATE, UNPOWERED_YN, MASK_EXPIRATION_DATE, MASK_TYPE_ID, NAME_ALIAS) values (2774, '1L11', 141, 'CED', 13522, 2, 1000, 'N', null, null, null, TIMESTAMP '2014-09-29 15:14:02', 'N', null, null, null);
insert into DTM_OWNER.COMPONENT (COMPONENT_ID, NAME, SYSTEM_ID, DATA_SOURCE, DATA_SOURCE_ID, REGION_ID, WEIGHT, MASKED, MASKED_COMMENT, MASKED_DATE, MASKED_BY, ADDED_DATE, UNPOWERED_YN, MASK_EXPIRATION_DATE, MASK_TYPE_ID, NAME_ALIAS) values (2775, '1L12', 141, 'CED', 13531, 2, 1000, 'N', null, null, null, TIMESTAMP '2014-09-29 15:14:02', 'N', null, 150, null);
insert into DTM_OWNER.COMPONENT (COMPONENT_ID, NAME, SYSTEM_ID, DATA_SOURCE, DATA_SOURCE_ID, REGION_ID, WEIGHT, MASKED, MASKED_COMMENT, MASKED_DATE, MASKED_BY, ADDED_DATE, UNPOWERED_YN, MASK_EXPIRATION_DATE, MASK_TYPE_ID, NAME_ALIAS) values (2776, '1L13', 141, 'CED', 13540, 2, 1000, 'N', null, null, null, TIMESTAMP '2014-09-29 15:14:02', 'N', null, null, null);
insert into DTM_OWNER.COMPONENT (COMPONENT_ID, NAME, SYSTEM_ID, DATA_SOURCE, DATA_SOURCE_ID, REGION_ID, WEIGHT, MASKED, MASKED_COMMENT, MASKED_DATE, MASKED_BY, ADDED_DATE, UNPOWERED_YN, MASK_EXPIRATION_DATE, MASK_TYPE_ID, NAME_ALIAS) values (2777, '1L14', 141, 'CED', 13549, 2, 1000, 'N', null, null, null, TIMESTAMP '2014-09-29 15:14:02', 'N', null, null, null);
insert into DTM_OWNER.COMPONENT (COMPONENT_ID, NAME, SYSTEM_ID, DATA_SOURCE, DATA_SOURCE_ID, REGION_ID, WEIGHT, MASKED, MASKED_COMMENT, MASKED_DATE, MASKED_BY, ADDED_DATE, UNPOWERED_YN, MASK_EXPIRATION_DATE, MASK_TYPE_ID, NAME_ALIAS) values (2778, '1L15', 141, 'CED', 13558, 2, 1000, 'N', null, null, null, TIMESTAMP '2014-09-29 15:14:02', 'N', null, null, null);
insert into DTM_OWNER.COMPONENT (COMPONENT_ID, NAME, SYSTEM_ID, DATA_SOURCE, DATA_SOURCE_ID, REGION_ID, WEIGHT, MASKED, MASKED_COMMENT, MASKED_DATE, MASKED_BY, ADDED_DATE, UNPOWERED_YN, MASK_EXPIRATION_DATE, MASK_TYPE_ID, NAME_ALIAS) values (2779, '1L16', 141, 'CED', 13567, 2, 1000, 'N', null, null, null, TIMESTAMP '2014-09-29 15:14:02', 'N', null, null, null);
insert into DTM_OWNER.COMPONENT (COMPONENT_ID, NAME, SYSTEM_ID, DATA_SOURCE, DATA_SOURCE_ID, REGION_ID, WEIGHT, MASKED, MASKED_COMMENT, MASKED_DATE, MASKED_BY, ADDED_DATE, UNPOWERED_YN, MASK_EXPIRATION_DATE, MASK_TYPE_ID, NAME_ALIAS) values (2780, '1L17', 141, 'CED', 13576, 2, 1000, 'N', null, null, null, TIMESTAMP '2014-09-29 15:14:02', 'N', null, null, null);
insert into DTM_OWNER.COMPONENT (COMPONENT_ID, NAME, SYSTEM_ID, DATA_SOURCE, DATA_SOURCE_ID, REGION_ID, WEIGHT, MASKED, MASKED_COMMENT, MASKED_DATE, MASKED_BY, ADDED_DATE, UNPOWERED_YN, MASK_EXPIRATION_DATE, MASK_TYPE_ID, NAME_ALIAS) values (2781, '1L18', 141, 'CED', 13585, 2, 1000, 'N', null, null, null, TIMESTAMP '2014-09-29 15:14:02', 'N', null, null, null);
insert into DTM_OWNER.COMPONENT (COMPONENT_ID, NAME, SYSTEM_ID, DATA_SOURCE, DATA_SOURCE_ID, REGION_ID, WEIGHT, MASKED, MASKED_COMMENT, MASKED_DATE, MASKED_BY, ADDED_DATE, UNPOWERED_YN, MASK_EXPIRATION_DATE, MASK_TYPE_ID, NAME_ALIAS) values (2782, '1L19', 141, 'CED', 13594, 2, 1000, 'N', null, null, null, TIMESTAMP '2014-09-29 15:14:02', 'N', null, null, null);
insert into DTM_OWNER.COMPONENT (COMPONENT_ID, NAME, SYSTEM_ID, DATA_SOURCE, DATA_SOURCE_ID, REGION_ID, WEIGHT, MASKED, MASKED_COMMENT, MASKED_DATE, MASKED_BY, ADDED_DATE, UNPOWERED_YN, MASK_EXPIRATION_DATE, MASK_TYPE_ID, NAME_ALIAS) values (2783, '1L20', 141, 'CED', 13603, 2, 1000, 'N', null, null, null, TIMESTAMP '2014-09-29 15:14:02', 'N', null, 150, null);
insert into DTM_OWNER.COMPONENT (COMPONENT_ID, NAME, SYSTEM_ID, DATA_SOURCE, DATA_SOURCE_ID, REGION_ID, WEIGHT, MASKED, MASKED_COMMENT, MASKED_DATE, MASKED_BY, ADDED_DATE, UNPOWERED_YN, MASK_EXPIRATION_DATE, MASK_TYPE_ID, NAME_ALIAS) values (2784, '1L21', 141, 'CED', 13612, 2, 1000, 'N', null, null, null, TIMESTAMP '2014-09-29 15:14:02', 'N', null, null, null);
insert into DTM_OWNER.COMPONENT (COMPONENT_ID, NAME, SYSTEM_ID, DATA_SOURCE, DATA_SOURCE_ID, REGION_ID, WEIGHT, MASKED, MASKED_COMMENT, MASKED_DATE, MASKED_BY, ADDED_DATE, UNPOWERED_YN, MASK_EXPIRATION_DATE, MASK_TYPE_ID, NAME_ALIAS) values (2785, '1L22', 141, 'CED', 16760, 2, 1000, 'N', null, null, null, TIMESTAMP '2014-09-29 15:14:02', 'N', null, 150, null);
insert into DTM_OWNER.COMPONENT (COMPONENT_ID, NAME, SYSTEM_ID, DATA_SOURCE, DATA_SOURCE_ID, REGION_ID, WEIGHT, MASKED, MASKED_COMMENT, MASKED_DATE, MASKED_BY, ADDED_DATE, UNPOWERED_YN, MASK_EXPIRATION_DATE, MASK_TYPE_ID, NAME_ALIAS) values (2786, '1L23', 141, 'CED', 16761, 2, 1000, 'N', null, null, null, TIMESTAMP '2014-09-29 15:14:02', 'N', null, 150, null);
insert into DTM_OWNER.COMPONENT (COMPONENT_ID, NAME, SYSTEM_ID, DATA_SOURCE, DATA_SOURCE_ID, REGION_ID, WEIGHT, MASKED, MASKED_COMMENT, MASKED_DATE, MASKED_BY, ADDED_DATE, UNPOWERED_YN, MASK_EXPIRATION_DATE, MASK_TYPE_ID, NAME_ALIAS) values (2787, '1L24', 141, 'CED', 16762, 2, 1000, 'N', null, null, null, TIMESTAMP '2014-09-29 15:14:02', 'N', null, 150, null);
insert into DTM_OWNER.COMPONENT (COMPONENT_ID, NAME, SYSTEM_ID, DATA_SOURCE, DATA_SOURCE_ID, REGION_ID, WEIGHT, MASKED, MASKED_COMMENT, MASKED_DATE, MASKED_BY, ADDED_DATE, UNPOWERED_YN, MASK_EXPIRATION_DATE, MASK_TYPE_ID, NAME_ALIAS) values (2788, '1L25', 141, 'CED', 16763, 2, 1000, 'N', null, null, null, TIMESTAMP '2014-09-29 15:14:02', 'N', null, null, null);
insert into DTM_OWNER.COMPONENT (COMPONENT_ID, NAME, SYSTEM_ID, DATA_SOURCE, DATA_SOURCE_ID, REGION_ID, WEIGHT, MASKED, MASKED_COMMENT, MASKED_DATE, MASKED_BY, ADDED_DATE, UNPOWERED_YN, MASK_EXPIRATION_DATE, MASK_TYPE_ID, NAME_ALIAS) values (2789, '1L26', 141, 'CED', 16764, 2, 1000, 'N', null, null, null, TIMESTAMP '2014-09-29 15:14:02', 'N', null, 150, null);
insert into DTM_OWNER.COMPONENT (COMPONENT_ID, NAME, SYSTEM_ID, DATA_SOURCE, DATA_SOURCE_ID, REGION_ID, WEIGHT, MASKED, MASKED_COMMENT, MASKED_DATE, MASKED_BY, ADDED_DATE, UNPOWERED_YN, MASK_EXPIRATION_DATE, MASK_TYPE_ID, NAME_ALIAS) values (2790, '2L02', 141, 'CED', 13621, 6, 1000, 'N', null, null, null, TIMESTAMP '2014-09-29 15:14:02', 'N', null, null, null);
insert into DTM_OWNER.COMPONENT (COMPONENT_ID, NAME, SYSTEM_ID, DATA_SOURCE, DATA_SOURCE_ID, REGION_ID, WEIGHT, MASKED, MASKED_COMMENT, MASKED_DATE, MASKED_BY, ADDED_DATE, UNPOWERED_YN, MASK_EXPIRATION_DATE, MASK_TYPE_ID, NAME_ALIAS) values (2791, '2L03', 141, 'CED', 13630, 6, 1000, 'N', null, null, null, TIMESTAMP '2014-09-29 15:14:02', 'N', null, 150, null);
insert into DTM_OWNER.COMPONENT (COMPONENT_ID, NAME, SYSTEM_ID, DATA_SOURCE, DATA_SOURCE_ID, REGION_ID, WEIGHT, MASKED, MASKED_COMMENT, MASKED_DATE, MASKED_BY, ADDED_DATE, UNPOWERED_YN, MASK_EXPIRATION_DATE, MASK_TYPE_ID, NAME_ALIAS) values (2792, '2L04', 141, 'CED', 13639, 6, 1000, 'N', null, null, null, TIMESTAMP '2014-09-29 15:14:02', 'N', null, null, null);
insert into DTM_OWNER.COMPONENT (COMPONENT_ID, NAME, SYSTEM_ID, DATA_SOURCE, DATA_SOURCE_ID, REGION_ID, WEIGHT, MASKED, MASKED_COMMENT, MASKED_DATE, MASKED_BY, ADDED_DATE, UNPOWERED_YN, MASK_EXPIRATION_DATE, MASK_TYPE_ID, NAME_ALIAS) values (2793, '2L05', 141, 'CED', 13648, 6, 1000, 'N', null, null, null, TIMESTAMP '2014-09-29 15:14:02', 'N', null, null, null);
insert into DTM_OWNER.COMPONENT (COMPONENT_ID, NAME, SYSTEM_ID, DATA_SOURCE, DATA_SOURCE_ID, REGION_ID, WEIGHT, MASKED, MASKED_COMMENT, MASKED_DATE, MASKED_BY, ADDED_DATE, UNPOWERED_YN, MASK_EXPIRATION_DATE, MASK_TYPE_ID, NAME_ALIAS) values (2794, '2L06', 141, 'CED', 13657, 6, 1000, 'N', null, null, null, TIMESTAMP '2014-09-29 15:14:02', 'N', null, null, null);
insert into DTM_OWNER.COMPONENT (COMPONENT_ID, NAME, SYSTEM_ID, DATA_SOURCE, DATA_SOURCE_ID, REGION_ID, WEIGHT, MASKED, MASKED_COMMENT, MASKED_DATE, MASKED_BY, ADDED_DATE, UNPOWERED_YN, MASK_EXPIRATION_DATE, MASK_TYPE_ID, NAME_ALIAS) values (2795, '2L07', 141, 'CED', 13666, 6, 1000, 'N', null, null, null, TIMESTAMP '2014-09-29 15:14:02', 'N', null, null, null);
insert into DTM_OWNER.COMPONENT (COMPONENT_ID, NAME, SYSTEM_ID, DATA_SOURCE, DATA_SOURCE_ID, REGION_ID, WEIGHT, MASKED, MASKED_COMMENT, MASKED_DATE, MASKED_BY, ADDED_DATE, UNPOWERED_YN, MASK_EXPIRATION_DATE, MASK_TYPE_ID, NAME_ALIAS) values (2796, '2L08', 141, 'CED', 13675, 6, 1000, 'N', null, null, null, TIMESTAMP '2014-09-29 15:14:02', 'N', null, null, null);
insert into DTM_OWNER.COMPONENT (COMPONENT_ID, NAME, SYSTEM_ID, DATA_SOURCE, DATA_SOURCE_ID, REGION_ID, WEIGHT, MASKED, MASKED_COMMENT, MASKED_DATE, MASKED_BY, ADDED_DATE, UNPOWERED_YN, MASK_EXPIRATION_DATE, MASK_TYPE_ID, NAME_ALIAS) values (2797, '2L09', 141, 'CED', 13684, 6, 1000, 'N', null, null, null, TIMESTAMP '2014-09-29 15:14:02', 'N', null, null, null);
insert into DTM_OWNER.COMPONENT (COMPONENT_ID, NAME, SYSTEM_ID, DATA_SOURCE, DATA_SOURCE_ID, REGION_ID, WEIGHT, MASKED, MASKED_COMMENT, MASKED_DATE, MASKED_BY, ADDED_DATE, UNPOWERED_YN, MASK_EXPIRATION_DATE, MASK_TYPE_ID, NAME_ALIAS) values (2798, '2L10', 141, 'CED', 13693, 6, 1000, 'N', null, null, null, TIMESTAMP '2014-09-29 15:14:02', 'N', null, null, null);
insert into DTM_OWNER.COMPONENT (COMPONENT_ID, NAME, SYSTEM_ID, DATA_SOURCE, DATA_SOURCE_ID, REGION_ID, WEIGHT, MASKED, MASKED_COMMENT, MASKED_DATE, MASKED_BY, ADDED_DATE, UNPOWERED_YN, MASK_EXPIRATION_DATE, MASK_TYPE_ID, NAME_ALIAS) values (2799, '2L11', 141, 'CED', 13702, 6, 1000, 'N', null, null, null, TIMESTAMP '2014-09-29 15:14:02', 'N', null, null, null);
insert into DTM_OWNER.COMPONENT (COMPONENT_ID, NAME, SYSTEM_ID, DATA_SOURCE, DATA_SOURCE_ID, REGION_ID, WEIGHT, MASKED, MASKED_COMMENT, MASKED_DATE, MASKED_BY, ADDED_DATE, UNPOWERED_YN, MASK_EXPIRATION_DATE, MASK_TYPE_ID, NAME_ALIAS) values (2800, '2L12', 141, 'CED', 13711, 6, 1000, 'N', null, null, null, TIMESTAMP '2014-09-29 15:14:02', 'N', null, null, null);
insert into DTM_OWNER.COMPONENT (COMPONENT_ID, NAME, SYSTEM_ID, DATA_SOURCE, DATA_SOURCE_ID, REGION_ID, WEIGHT, MASKED, MASKED_COMMENT, MASKED_DATE, MASKED_BY, ADDED_DATE, UNPOWERED_YN, MASK_EXPIRATION_DATE, MASK_TYPE_ID, NAME_ALIAS) values (2801, '2L13', 141, 'CED', 13720, 6, 1000, 'N', null, null, null, TIMESTAMP '2014-09-29 15:14:02', 'N', null, null, null);
insert into DTM_OWNER.COMPONENT (COMPONENT_ID, NAME, SYSTEM_ID, DATA_SOURCE, DATA_SOURCE_ID, REGION_ID, WEIGHT, MASKED, MASKED_COMMENT, MASKED_DATE, MASKED_BY, ADDED_DATE, UNPOWERED_YN, MASK_EXPIRATION_DATE, MASK_TYPE_ID, NAME_ALIAS) values (2802, '2L14', 141, 'CED', 13729, 6, 1000, 'N', null, null, null, TIMESTAMP '2014-09-29 15:14:02', 'N', null, null, null);
insert into DTM_OWNER.COMPONENT (COMPONENT_ID, NAME, SYSTEM_ID, DATA_SOURCE, DATA_SOURCE_ID, REGION_ID, WEIGHT, MASKED, MASKED_COMMENT, MASKED_DATE, MASKED_BY, ADDED_DATE, UNPOWERED_YN, MASK_EXPIRATION_DATE, MASK_TYPE_ID, NAME_ALIAS) values (2803, '2L15', 141, 'CED', 13738, 6, 1000, 'N', null, null, null, TIMESTAMP '2014-09-29 15:14:02', 'N', null, null, null);
insert into DTM_OWNER.COMPONENT (COMPONENT_ID, NAME, SYSTEM_ID, DATA_SOURCE, DATA_SOURCE_ID, REGION_ID, WEIGHT, MASKED, MASKED_COMMENT, MASKED_DATE, MASKED_BY, ADDED_DATE, UNPOWERED_YN, MASK_EXPIRATION_DATE, MASK_TYPE_ID, NAME_ALIAS) values (2804, '2L16', 141, 'CED', 13747, 6, 1000, 'N', null, null, null, TIMESTAMP '2014-09-29 15:14:02', 'N', null, null, null);
insert into DTM_OWNER.COMPONENT (COMPONENT_ID, NAME, SYSTEM_ID, DATA_SOURCE, DATA_SOURCE_ID, REGION_ID, WEIGHT, MASKED, MASKED_COMMENT, MASKED_DATE, MASKED_BY, ADDED_DATE, UNPOWERED_YN, MASK_EXPIRATION_DATE, MASK_TYPE_ID, NAME_ALIAS) values (2805, '2L17', 141, 'CED', 13756, 6, 1000, 'N', null, null, null, TIMESTAMP '2014-09-29 15:14:02', 'N', null, null, null);
insert into DTM_OWNER.COMPONENT (COMPONENT_ID, NAME, SYSTEM_ID, DATA_SOURCE, DATA_SOURCE_ID, REGION_ID, WEIGHT, MASKED, MASKED_COMMENT, MASKED_DATE, MASKED_BY, ADDED_DATE, UNPOWERED_YN, MASK_EXPIRATION_DATE, MASK_TYPE_ID, NAME_ALIAS) values (2806, '2L18', 141, 'CED', 13765, 6, 1000, 'N', null, null, null, TIMESTAMP '2014-09-29 15:14:02', 'N', null, null, null);
insert into DTM_OWNER.COMPONENT (COMPONENT_ID, NAME, SYSTEM_ID, DATA_SOURCE, DATA_SOURCE_ID, REGION_ID, WEIGHT, MASKED, MASKED_COMMENT, MASKED_DATE, MASKED_BY, ADDED_DATE, UNPOWERED_YN, MASK_EXPIRATION_DATE, MASK_TYPE_ID, NAME_ALIAS) values (2807, '2L19', 141, 'CED', 13774, 6, 1000, 'N', null, null, null, TIMESTAMP '2014-09-29 15:14:02', 'N', null, null, null);
insert into DTM_OWNER.COMPONENT (COMPONENT_ID, NAME, SYSTEM_ID, DATA_SOURCE, DATA_SOURCE_ID, REGION_ID, WEIGHT, MASKED, MASKED_COMMENT, MASKED_DATE, MASKED_BY, ADDED_DATE, UNPOWERED_YN, MASK_EXPIRATION_DATE, MASK_TYPE_ID, NAME_ALIAS) values (2808, '2L20', 141, 'CED', 13783, 6, 1000, 'N', null, null, null, TIMESTAMP '2014-09-29 15:14:02', 'N', null, null, null);
insert into DTM_OWNER.COMPONENT (COMPONENT_ID, NAME, SYSTEM_ID, DATA_SOURCE, DATA_SOURCE_ID, REGION_ID, WEIGHT, MASKED, MASKED_COMMENT, MASKED_DATE, MASKED_BY, ADDED_DATE, UNPOWERED_YN, MASK_EXPIRATION_DATE, MASK_TYPE_ID, NAME_ALIAS) values (2809, '2L21', 141, 'CED', 13792, 6, 1000, 'N', null, null, null, TIMESTAMP '2014-09-29 15:14:02', 'N', null, null, null);
insert into DTM_OWNER.COMPONENT (COMPONENT_ID, NAME, SYSTEM_ID, DATA_SOURCE, DATA_SOURCE_ID, REGION_ID, WEIGHT, MASKED, MASKED_COMMENT, MASKED_DATE, MASKED_BY, ADDED_DATE, UNPOWERED_YN, MASK_EXPIRATION_DATE, MASK_TYPE_ID, NAME_ALIAS) values (2810, '2L22', 141, 'CED', 16765, 6, 1000, 'N', null, null, null, TIMESTAMP '2014-09-29 15:14:02', 'N', null, 150, null);
insert into DTM_OWNER.COMPONENT (COMPONENT_ID, NAME, SYSTEM_ID, DATA_SOURCE, DATA_SOURCE_ID, REGION_ID, WEIGHT, MASKED, MASKED_COMMENT, MASKED_DATE, MASKED_BY, ADDED_DATE, UNPOWERED_YN, MASK_EXPIRATION_DATE, MASK_TYPE_ID, NAME_ALIAS) values (2811, '2L23', 141, 'CED', 16766, 6, 1000, 'N', null, null, null, TIMESTAMP '2014-09-29 15:14:02', 'N', null, 150, null);
insert into DTM_OWNER.COMPONENT (COMPONENT_ID, NAME, SYSTEM_ID, DATA_SOURCE, DATA_SOURCE_ID, REGION_ID, WEIGHT, MASKED, MASKED_COMMENT, MASKED_DATE, MASKED_BY, ADDED_DATE, UNPOWERED_YN, MASK_EXPIRATION_DATE, MASK_TYPE_ID, NAME_ALIAS) values (2812, '2L24', 141, 'CED', 16767, 6, 1000, 'N', null, null, null, TIMESTAMP '2014-09-29 15:14:02', 'N', null, 150, null);
insert into DTM_OWNER.COMPONENT (COMPONENT_ID, NAME, SYSTEM_ID, DATA_SOURCE, DATA_SOURCE_ID, REGION_ID, WEIGHT, MASKED, MASKED_COMMENT, MASKED_DATE, MASKED_BY, ADDED_DATE, UNPOWERED_YN, MASK_EXPIRATION_DATE, MASK_TYPE_ID, NAME_ALIAS) values (2813, '2L25', 141, 'CED', 16768, 6, 1000, 'N', null, null, null, TIMESTAMP '2014-09-29 15:14:02', 'N', null, 150, null);
insert into DTM_OWNER.COMPONENT (COMPONENT_ID, NAME, SYSTEM_ID, DATA_SOURCE, DATA_SOURCE_ID, REGION_ID, WEIGHT, MASKED, MASKED_COMMENT, MASKED_DATE, MASKED_BY, ADDED_DATE, UNPOWERED_YN, MASK_EXPIRATION_DATE, MASK_TYPE_ID, NAME_ALIAS) values (2814, '2L26', 141, 'CED', 16769, 6, 1000, 'N', null, null, null, TIMESTAMP '2014-09-29 15:14:02', 'N', null, null, null);